/*
SQLyog Ultimate v12.08 (64 bit)
MySQL - 5.5.53 : Database - gongxinsairui
*********************************************************************
*/

/*!40101 SET NAMES utf8 */;

/*!40101 SET SQL_MODE=''*/;

/*!40014 SET @OLD_UNIQUE_CHECKS=@@UNIQUE_CHECKS, UNIQUE_CHECKS=0 */;
/*!40014 SET @OLD_FOREIGN_KEY_CHECKS=@@FOREIGN_KEY_CHECKS, FOREIGN_KEY_CHECKS=0 */;
/*!40101 SET @OLD_SQL_MODE=@@SQL_MODE, SQL_MODE='NO_AUTO_VALUE_ON_ZERO' */;
/*!40111 SET @OLD_SQL_NOTES=@@SQL_NOTES, SQL_NOTES=0 */;
CREATE DATABASE /*!32312 IF NOT EXISTS*/`gongxinsairui` /*!40100 DEFAULT CHARACTER SET utf8 */;

USE `gongxinsairui`;

/*Table structure for table `article` */

DROP TABLE IF EXISTS `article`;

CREATE TABLE `article` (
  `id` int(10) unsigned NOT NULL AUTO_INCREMENT COMMENT '文章ID',
  `cid` smallint(5) unsigned NOT NULL COMMENT '分类ID',
  `spai` tinyint(4) DEFAULT '0',
  `title` varchar(255) NOT NULL DEFAULT '' COMMENT '标题',
  `title1` varchar(255) NOT NULL COMMENT '小标题',
  `title2` varchar(255) NOT NULL,
  `introduction` varchar(255) DEFAULT '' COMMENT '简介',
  `content` longtext COMMENT '内容',
  `siteurl` varchar(255) DEFAULT '' COMMENT '链接',
  `author` varchar(20) DEFAULT '' COMMENT '作者',
  `status` tinyint(1) unsigned NOT NULL DEFAULT '0' COMMENT '状态 0 待审核  1 审核',
  `reading` int(10) unsigned NOT NULL DEFAULT '0' COMMENT '阅读量',
  `thumb` varchar(255) DEFAULT '' COMMENT '缩略图',
  `logo` varchar(255) NOT NULL COMMENT 'logo图',
  `bannerimg` varchar(255) DEFAULT '' COMMENT 'banner',
  `email` varchar(50) NOT NULL COMMENT '邮箱',
  `photo` text COMMENT '图集',
  `is_top` tinyint(1) unsigned NOT NULL DEFAULT '0' COMMENT '是否置顶  0 不置顶  1 置顶',
  `pos_mes` char(10) NOT NULL COMMENT '推荐到首页的描述',
  `sort` tinyint(3) unsigned NOT NULL DEFAULT '0' COMMENT '排序',
  `sort2` tinyint(3) NOT NULL DEFAULT '0',
  `is_right` tinyint(1) NOT NULL DEFAULT '0' COMMENT '是否是右边',
  `create_time` int(11) NOT NULL COMMENT '创建时间',
  `publish_time` int(11) NOT NULL COMMENT '发布时间',
  `is_pos` tinyint(1) NOT NULL DEFAULT '0' COMMENT '推荐到首页 默认0',
  `isdel` tinyint(1) NOT NULL DEFAULT '0' COMMENT '是否删除（0不删除，1删除）',
  `address` varchar(255) NOT NULL COMMENT '地址',
  `zixun_nums` varchar(255) NOT NULL COMMENT '咨询人数',
  `tel` varchar(25) NOT NULL COMMENT '热线电话',
  `in_nav` tinyint(1) NOT NULL DEFAULT '0' COMMENT '显示在导航栏上（0否）',
  PRIMARY KEY (`id`)
) ENGINE=MyISAM AUTO_INCREMENT=13 DEFAULT CHARSET=utf8 COMMENT='文章表';

/*Data for the table `article` */

insert  into `article`(`id`,`cid`,`spai`,`title`,`title1`,`title2`,`introduction`,`content`,`siteurl`,`author`,`status`,`reading`,`thumb`,`logo`,`bannerimg`,`email`,`photo`,`is_top`,`pos_mes`,`sort`,`sort2`,`is_right`,`create_time`,`publish_time`,`is_pos`,`isdel`,`address`,`zixun_nums`,`tel`,`in_nav`) values (1,1,1,'聂云心','Nie Yun Xin','鉴定专家——涉诉知识产权鉴定师','','111作为蓝策工信赛瑞评估北京办公室主管合伙人，聂云鑫先生统筹负责华北地区的项目组织、渠道建设以及业务发展。\n\n工信赛瑞的团队荟萃了来自国际知名评估公司，等一流机构的顶级人才。在职成员拥有众多职业资格，例如：美国评估师协会认证资深评估师（ASA）、 特许金融分析师（CFA）、 注册会计师（美国AICPA，香港HKCPA，中国CICPA，英国ACCA)、 认证商业评估师(ABV)、注册资产评估师(CPV)、金融风险管理师(FRM)，等等。不仅如此，工信赛瑞的管理团队还曾服务于众多首次公开发行(IPO)和上市公司的会计和评估项目。\n\n聂云鑫先生拥有法国北方高等商学院金融学硕士学位。他是特许金融分析师(CFA)。','','',1,0,'public/uploads/image/20180828/1524341314.png','','','NYX@GONGXINSAIRUI.CN',NULL,0,'',0,0,0,1535440796,1535509312,1,0,'','','',0),(2,1,1,'聂云','Nie Yun','鉴定专家——涉诉知识产权鉴定师','','111作为蓝策工信赛瑞评估北京办公室主管合伙人，聂云鑫先生统筹负责华北地区的项目组织、渠道建设以及业务发展。\r\n\r\n工信赛瑞的团队荟萃了来自国际知名评估公司，等一流机构的顶级人才。在职成员拥有众多职业资格，例如：美国评估师协会认证资深评估师（ASA）、 特许金融分析师（CFA）、 注册会计师（美国AICPA，香港HKCPA，中国CICPA，英国ACCA)、 认证商业评估师(ABV)、注册资产评估师(CPV)、金融风险管理师(FRM)，等等。不仅如此，工信赛瑞的管理团队还曾服务于众多首次公开发行(IPO)和上市公司的会计和评估项目。\r\n\r\n聂云鑫先生拥有法国北方高等商学院金融学硕士学位。他是特许金融分析师(CFA)。','','',1,0,'public/uploads/image/20180828/1525871020.png','','','NYX@GONGXINSAIRUI.CN',NULL,0,'',0,0,0,1535441137,1535509323,1,0,'','','',0),(4,3,2,'某领先IT行业解决方案供应商','案例1委托方','','原告S公司主营网络营销平台及软件开发。其曾推出网络营销工具“sk”，后相继研原告S公司主营网络营销平台及软件开发。其曾推出网络营销工具“sk”，后相继研','<p><a href=\"file:///E:/lwl/4-2/%E5%B7%A5%E4%BF%A1%E8%B5%9B%E7%9D%BF/gongxin/case.html##\" style=\"box-sizing: border-box; background-color: rgb(255, 255, 255); color: rgb(51, 51, 51); text-decoration-line: none; font-family: 微软雅黑; white-space: normal;\">原告S公司主营网络营销平台及软件开发。其曾推出网络营销工具“sk”，后相继研</a><a href=\"file:///E:/lwl/4-2/%E5%B7%A5%E4%BF%A1%E8%B5%9B%E7%9D%BF/gongxin/case.html##\" style=\"box-sizing: border-box; background-color: rgb(255, 255, 255); color: rgb(51, 51, 51); text-decoration-line: none; font-family: 微软雅黑; white-space: normal;\">原告S公司主营网络营销平台及软件开发。其曾推出网络营销工具“sk”，后相继研</a><a href=\"file:///E:/lwl/4-2/%E5%B7%A5%E4%BF%A1%E8%B5%9B%E7%9D%BF/gongxin/case.html##\" style=\"box-sizing: border-box; background-color: rgb(255, 255, 255); color: rgb(51, 51, 51); text-decoration-line: none; font-family: 微软雅黑; white-space: normal;\">原告S公司主营网络营销平台及软件开发。其曾推出网络营销工具“sk”，后相继研</a><a href=\"file:///E:/lwl/4-2/%E5%B7%A5%E4%BF%A1%E8%B5%9B%E7%9D%BF/gongxin/case.html##\" style=\"box-sizing: border-box; background-color: rgb(255, 255, 255); color: rgb(51, 51, 51); text-decoration-line: none; font-family: 微软雅黑; white-space: normal;\">原告S公司主营网络营销平台及软件开发。其曾推出网络营销工具“sk”，后相继研</a><a href=\"file:///E:/lwl/4-2/%E5%B7%A5%E4%BF%A1%E8%B5%9B%E7%9D%BF/gongxin/case.html##\" style=\"box-sizing: border-box; background-color: rgb(255, 255, 255); color: rgb(51, 51, 51); text-decoration-line: none; font-family: 微软雅黑; white-space: normal;\">原告S公司主营网络营销平台及软件开发。其曾推出网络营销工具“sk”，后相继研</a><a href=\"file:///E:/lwl/4-2/%E5%B7%A5%E4%BF%A1%E8%B5%9B%E7%9D%BF/gongxin/case.html##\" style=\"box-sizing: border-box; background-color: rgb(255, 255, 255); color: rgb(51, 51, 51); text-decoration-line: none; font-family: 微软雅黑; white-space: normal;\">原告S公司主营网络营销平台及软件开发。其曾推出网络营销工具“sk”，后相继研</a><a href=\"file:///E:/lwl/4-2/%E5%B7%A5%E4%BF%A1%E8%B5%9B%E7%9D%BF/gongxin/case.html##\" style=\"box-sizing: border-box; background-color: rgb(255, 255, 255); color: rgb(51, 51, 51); text-decoration-line: none; font-family: 微软雅黑; white-space: normal;\">原告S公司主营网络营销平台及软件开发。其曾推出网络营销工具“sk”，后相继研</a><a href=\"file:///E:/lwl/4-2/%E5%B7%A5%E4%BF%A1%E8%B5%9B%E7%9D%BF/gongxin/case.html##\" style=\"box-sizing: border-box; background-color: rgb(255, 255, 255); color: rgb(51, 51, 51); text-decoration-line: none; font-family: 微软雅黑; white-space: normal;\">原告S公司主营网络营销平台及软件开发。其曾推出网络营销工具“sk”，后相继研</a><span></span></p>','','admin',1,0,'','','','',NULL,0,'',0,0,0,1535453129,1535530713,1,0,'','','',0),(6,9,4,'国家知识产权局赴广东专题调研专利质量提升工作','','','近日，国家知识产权局副局长张茂于一行赴广东就专利质量提升工作开展专题调研。广东省人民政府副省长黄宁生与张茂于一行进行工作会谈，就推动知识产权事业高质量发展进行了深入交流。双方一致认为，应当采取更加切实有效的举措，全链条提升知识产权创造、运用、保护、管理和服务质量，推动实现知识产权创造由多向优、由大到强转变，助力经济高质量发展.......','<p style=\"box-sizing: border-box; margin-top: 0px; margin-bottom: 0px; color: rgb(51, 51, 51); line-height: 36px; text-indent: 32px; font-family: 微软雅黑; white-space: normal; background-color: rgb(255, 255, 255);\">8月6日至7日，国家知识产权局副局长张茂于一行赴广东就专利质量提升工作开展专题调研。广东省人民政府副省长黄宁生与张茂于一行进行工作会谈，就推动知识产权事业高质量发展进行了深入交流。双方一致认为，应当采取更加切实有效的举措，全链条提升知识产权创造、运用、保护、管理和服务质量，推动实现知识产权创造由多向优、由大到强转变，助力经济高质量发展。</p><p style=\"box-sizing: border-box; margin-top: 40px; margin-bottom: 0px; color: rgb(51, 51, 51); line-height: 36px; text-indent: 32px; font-family: 微软雅黑; white-space: normal; background-color: rgb(255, 255, 255);\">调研期间，张茂于一行专门召开座谈会，听取有关方面对优化考核指标导向、培育高价值核心专利、提升申请和代理质量等的意见建议。</p><p style=\"box-sizing: border-box; margin-top: 40px; margin-bottom: 0px; color: rgb(51, 51, 51); line-height: 36px; text-indent: 32px; font-family: 微软雅黑; white-space: normal; background-color: rgb(255, 255, 255);\">针对与会代表提出的专利质量提升方面的问题，张茂于表示，要全面贯彻落实党的十九大精神，坚持以习近平新时代中国特色社会主义思想为指导，进一步将思想认识统一到提升专利质量、推动经济高质量发展上来；要持续强化对高水平创新的支持力度，坚持质量第一，效益优先，保持专利申请量适度合理增长，与经济发展水平、科技创新能力协调匹配；要进一步优化调整专利资助奖励政策，强化质量导向，加大对培育高价值专利的支持力度；要引导创新主体正确认识和合理使用专利制度，发挥各类专利的特点和优势。同时要严厉打击非正常专利申请行为，对利用非正常专利申请套取资助的行为按照相关规定严肃处理，共同营造良好的知识产权发展环境。</p><p style=\"box-sizing: border-box; margin-top: 40px; margin-bottom: 0px; color: rgb(51, 51, 51); line-height: 36px; text-indent: 32px; font-family: 微软雅黑; white-space: normal; background-color: rgb(255, 255, 255);\">下一步，国家知识产权局将开展2018年度全国专利事业发展战略中期督查工作，集中对各地方专利申请相关政策调整落实情况进行专项督查，并派出专项督查组开展实地督查调研，确保专利质量提升工作各项要求落实到位。 （知识产权报　林俊）</p><p><span></span><br/></p>','','工信',1,10,'public/uploads/image/20180828/1941327801.jpg','','','',NULL,0,'',0,0,0,1535456566,0,1,0,'','','',0),(7,3,2,'深圳市某公司侵犯商业秘密案无罪辩护成功','律师辩护所1','','在申请知识产权贯标之前，先了解一下知识产权贯标的含义。《企业知识产权管理规范》认证即运用 ISO 过程方法的企业知做知识产权贯标的目的性。建立一套规范的知识产权管理制度，在知识产权创造、运用这一块有一个很好的保护。提高了我们企业对于知识产权的灵敏度，能够很迅速的知道我们哪一块有创新，哪一块可以申','<p><span style=\"color: rgb(51, 51, 51); font-family: 微软雅黑; white-space: normal; background-color: rgb(255, 255, 255);\">在申请知识产权贯标之前，先了解一下知识产权贯标的含义。《企业知识产权管理规范》认证即运用 ISO 过程方法的企业知做知识产权贯标的目的性。建立一套规范的知识产权管理制度，在知识产权创造、运用这一块有一个很好的保护。提高了我们企业对于知识产权的灵敏度，能够很迅速的知道我们哪一块有创新，哪一块可以申...</span><span style=\"color: rgb(51, 51, 51); font-family: 微软雅黑; white-space: normal; background-color: rgb(255, 255, 255);\">在申请知识产权贯标之前，先了解一下知识产权贯标的含义。《企业知识产权管理规范》认证即运用 ISO 过程方法的企业知做知识产权贯标的目的性。建立一套规范的知识产权管理制度，在知识产权创造、运用这一块有一个很好的保护。提高了我们企业对于知识产权的灵敏度，能够很迅速的知道我们哪一块有创新，哪一块可以申...</span><span style=\"color: rgb(51, 51, 51); font-family: 微软雅黑; white-space: normal; background-color: rgb(255, 255, 255);\">在申请知识产权贯标之前，先了解一下知识产权贯标的含义。《企业知识产权管理规范》认证即运用 ISO 过程方法的企业知做知识产权贯标的目的性。建立一套规范的知识产权管理制度，在知识产权创造、运用这一块有一个很好的保护。提高了我们企业对于知识产权的灵敏度，能够很迅速的知道我们哪一块有创新，哪一块可以申...</span><span></span></p>','','',1,0,'','','','',NULL,0,'',0,0,0,1535510324,1535510324,1,0,'','','',0),(8,4,2,'深圳市电子数据公司知识产权贯标申请','某国内领先的外贸B2C网站','','在申请知识产权贯标之前，先了解一下知识产权贯标的含义。《企业知识产权管理规范》认证即运用 ISO 过程方法的企业知做知识产权贯标的目的性。建立一套规范的知识产权管理制度，在知识产权创造、运用这一块有一个很好的保护。提高了我们企业对于知识产权的灵敏度，能够很迅速的知道我们哪一块有创新，哪一块可以申','<p><span style=\"color: rgb(51, 51, 51); font-family: 微软雅黑; white-space: normal; background-color: rgb(255, 255, 255);\">在申请知识产权贯标之前，先了解一下知识产权贯标的含义。《企业知识产权管理规范》认证即运用 ISO 过程方法的企业知做知识产权贯标的目的性。建立一套规范的知识产权管理制度，在知识产权创造、运用这一块有一个很好的保护。提高了我们企业对于知识产权的灵敏度，能够很迅速的知道我们哪一块有创新，哪一块可以申</span><span style=\"color: rgb(51, 51, 51); font-family: 微软雅黑; white-space: normal; background-color: rgb(255, 255, 255);\">在申请知识产权贯标之前，先了解一下知识产权贯标的含义。《企业知识产权管理规范》认证即运用 ISO 过程方法的企业知做知识产权贯标的目的性。建立一套规范的知识产权管理制度，在知识产权创造、运用这一块有一个很好的保护。提高了我们企业对于知识产权的灵敏度，能够很迅速的知道我们哪一块有创新，哪一块可以申</span><span style=\"color: rgb(51, 51, 51); font-family: 微软雅黑; white-space: normal; background-color: rgb(255, 255, 255);\">在申请知识产权贯标之前，先了解一下知识产权贯标的含义。《企业知识产权管理规范》认证即运用 ISO 过程方法的企业知做知识产权贯标的目的性。建立一套规范的知识产权管理制度，在知识产权创造、运用这一块有一个很好的保护。提高了我们企业对于知识产权的灵敏度，能够很迅速的知道我们哪一块有创新，哪一块可以申</span><span></span></p>','','admin',1,0,'','','','',NULL,0,'',0,0,0,1535510365,1535530704,1,0,'','','',0),(9,9,4,'国家版权局等四部委启动“剑网2018”','','','近日，国家版权局、国家互联网信息办公室、工业和信息化部、公安部联合召开新闻通气会，通报启动打击网络侵权盗版.','<p>近日，国家版权局、国家互联网信息办公室、工业和信息化部、公安部联合召开新闻通气会，通报启动打击网络侵权盗版.近日，国家版权局、国家互联网信息办公室、工业和信息化部、公安部联合召开新闻通气会，通报启动打击网络侵权盗版.近日，国家版权局、国家互联网信息办公室、工业和信息化部、公安部联合召开新闻通气会，通报启动打击网络侵权盗版.近日，国家版权局、国家互联网信息办公室、工业和信息化部、公安部联合召开新闻通气会，通报启动打击网络侵权盗版.<img src=\"/public/uploads/image/20180829/1535514223985987.jpg\" title=\"1535514223985987.jpg\" _src=\"/public/uploads/image/20180829/1535514223985987.jpg\" alt=\"news_banner1.jpg\"/><span></span></p>','','admin',1,20,'public/uploads/image/20180829/1143784887.jpg','','','',NULL,0,'',0,0,0,1535514226,0,1,0,'','','',0),(10,1,1,'张起灵','zhang qi ling','鉴定专家——涉诉知识产权鉴定师','','3333作为蓝策工信赛瑞评估北京办公室主管合伙人，聂云鑫先生统筹负责华北地区的项目组织、渠道建设以及业务发展。\r\n\r\n工信赛瑞的团队荟萃了来自国际知名评估公司，等一流机构的顶级人才。在职成员拥有众多职业资格，例如：美国评估师协会认证资深评估师（ASA）、 特许金融分析师（CFA）、 注册会计师（美国AICPA，香港HKCPA，中国CICPA，英国ACCA)、 认证商业评估师(ABV)、注册资产评估师(CPV)、金融风险管理师(FRM)，等等。不仅如此，工信赛瑞的管理团队还曾服务于众多首次公开发行(IPO)和上市公司的会计和评估项目。\r\n\r\n聂云鑫先生拥有法国北方高等商学院金融学硕士学位。他是特许金融分析师(CFA)。','','',1,0,'','','','12777@qq.com',NULL,0,'',0,0,0,1535526203,1535526203,1,0,'','','',0),(11,10,4,'行业新闻文章1','','','行业新闻文章1行业新闻文章1行业新闻文章1行业新闻文章1','<p>行业新闻文章1行业新闻文章1行业新闻文章1行业新闻文章1<span></span></p>','','admin',1,1,'public/uploads/image/20180829/1754985772.jpg','','','',NULL,0,'',0,0,0,1535536495,0,1,0,'','','',0),(12,9,4,'公司新闻文章3','','','公司新闻文章3公司新闻文章3公司新闻文章3','','','admin',1,7,'public/uploads/image/20180829/1826852041.jpg','','','',NULL,0,'',0,0,0,1535538404,0,1,0,'','','',0);

/*Table structure for table `category` */

DROP TABLE IF EXISTS `category`;

CREATE TABLE `category` (
  `id` int(10) unsigned NOT NULL AUTO_INCREMENT COMMENT '分类ID',
  `child` tinyint(1) NOT NULL DEFAULT '0' COMMENT '是否有子类 默认0（否）',
  `spai` tinyint(4) DEFAULT '0',
  `name` varchar(50) NOT NULL COMMENT '分类名称',
  `alias` varchar(50) DEFAULT '' COMMENT '导航别名',
  `content` longtext COMMENT '分类内容',
  `thumb` varchar(255) DEFAULT '' COMMENT '缩略图',
  `icon` varchar(20) DEFAULT '' COMMENT '分类图标',
  `list_template` varchar(50) DEFAULT '' COMMENT '分类列表模板',
  `detail_template` varchar(50) DEFAULT '' COMMENT '分类详情模板',
  `type` tinyint(1) unsigned NOT NULL DEFAULT '1' COMMENT '分类类型  1  列表  2 单页',
  `sort` smallint(5) unsigned NOT NULL DEFAULT '0' COMMENT '排序',
  `pid` int(10) unsigned NOT NULL DEFAULT '0' COMMENT '上级分类ID',
  `path` varchar(255) DEFAULT '' COMMENT '路径',
  `create_time` datetime NOT NULL,
  PRIMARY KEY (`id`)
) ENGINE=MyISAM AUTO_INCREMENT=11 DEFAULT CHARSET=utf8 COMMENT='分类表';

/*Data for the table `category` */

insert  into `category`(`id`,`child`,`spai`,`name`,`alias`,`content`,`thumb`,`icon`,`list_template`,`detail_template`,`type`,`sort`,`pid`,`path`,`create_time`) values (1,0,1,'专业团队','优质服务，荣誉至上','工信赛瑞的团队荟萃了来自国际知名评估公司，等一流机构的顶级人才。在职成员拥有众多职业资格，例如：美国评估师协会认证资深评估师（ASA）、 特许金融分析师（CFA）、 注册会计师（美国AICPA，香港HKCPA，中国CICPA，英国ACCA)、 认证商业评估师(ABV)、注册资产评估师(CPV)、金融风险管理师(FRM)，等等。不仅如此，工信赛瑞的管理团队还曾服务于众多首次公开发行(IPO)和上市公司的会计和评估项目。','public/uploads/image/20180828/1454439587.jpg','','','',1,0,0,'0,','2018-08-28 14:55:07'),(2,1,2,'成功案例','优质服务，荣誉至上','','public/uploads/image/20180828/1826835342.jpg','','','',1,0,0,'0,','2018-08-28 18:26:45'),(3,0,2,'涉诉知识产权鉴定服务','','','','','','',1,0,2,'0,2,','2018-08-28 18:28:04'),(4,0,2,'涉诉电子数据鉴定服务','','','','','','',1,0,2,'0,2,','2018-08-28 18:28:28'),(5,0,2,'商事鉴定服务','','','','','','',1,0,2,'0,2,','2018-08-28 18:28:59'),(6,0,2,'涉诉知识产权鉴定服务','','','','','','',1,0,2,'0,2,','2018-08-28 18:29:35'),(8,1,4,'新闻资讯','优质服务，荣誉至上','','public/uploads/image/20180828/1936217800.jpg','','','',1,0,0,'0,','2018-08-28 19:36:11'),(9,0,4,'公司新闻','','','','','','',1,0,8,'0,8,','2018-08-28 19:36:36'),(10,0,4,'行业新闻','','','','','','',1,0,8,'0,8,','2018-08-28 19:36:42');

/*Table structure for table `feedback` */

DROP TABLE IF EXISTS `feedback`;

CREATE TABLE `feedback` (
  `id` int(11) unsigned NOT NULL AUTO_INCREMENT COMMENT '在线留言id',
  `company` varchar(200) DEFAULT '' COMMENT '公司名称',
  `car_mes` varchar(255) NOT NULL,
  `email` varchar(50) DEFAULT '' COMMENT '邮箱',
  `address` varchar(255) DEFAULT '' COMMENT '地址',
  `uname` varchar(20) NOT NULL DEFAULT '' COMMENT '姓名',
  `sex` varchar(20) DEFAULT '' COMMENT '性别',
  `job` varchar(60) DEFAULT '' COMMENT '职务或职称',
  `zipcode` varchar(30) DEFAULT '' COMMENT '邮编',
  `fax` varchar(60) DEFAULT '' COMMENT '传真',
  `type` varchar(100) DEFAULT NULL COMMENT '类型（描述）',
  `mobile` varchar(255) DEFAULT '' COMMENT '手机',
  `content` mediumtext NOT NULL COMMENT '详细要求',
  `ip` varchar(255) NOT NULL DEFAULT '' COMMENT 'ip地址',
  `typeid` tinyint(5) unsigned NOT NULL DEFAULT '0' COMMENT '类型-预留',
  `sort` smallint(5) unsigned NOT NULL DEFAULT '0' COMMENT '排序',
  `status` tinyint(1) unsigned NOT NULL DEFAULT '0' COMMENT '状态-是否审核',
  `isdel` tinyint(1) NOT NULL DEFAULT '0' COMMENT '是否删除',
  `addtime` int(11) unsigned NOT NULL DEFAULT '0' COMMENT '留言时间',
  PRIMARY KEY (`id`)
) ENGINE=MyISAM AUTO_INCREMENT=2 DEFAULT CHARSET=utf8;

/*Data for the table `feedback` */

insert  into `feedback`(`id`,`company`,`car_mes`,`email`,`address`,`uname`,`sex`,`job`,`zipcode`,`fax`,`type`,`mobile`,`content`,`ip`,`typeid`,`sort`,`status`,`isdel`,`addtime`) values (1,'','','','','程东飞','','','','','在线信息预留-程东飞','15545654565','this is content mes hahaha','127.0.0.1',1,0,1,0,1535535704);

/*Table structure for table `link` */

DROP TABLE IF EXISTS `link`;

CREATE TABLE `link` (
  `id` int(10) unsigned NOT NULL AUTO_INCREMENT,
  `cid` int(10) unsigned NOT NULL COMMENT '分类ID',
  `name` varchar(50) NOT NULL COMMENT '名称',
  `description` varchar(255) DEFAULT '' COMMENT '说明',
  `link` varchar(255) DEFAULT '' COMMENT '链接',
  `image` varchar(255) DEFAULT '' COMMENT '图片',
  `status` tinyint(1) unsigned NOT NULL DEFAULT '1' COMMENT '状态  1 显示  0  隐藏',
  `sort` int(10) unsigned NOT NULL DEFAULT '0' COMMENT '排序',
  PRIMARY KEY (`id`)
) ENGINE=MyISAM AUTO_INCREMENT=16 DEFAULT CHARSET=utf8 COMMENT='链接表';

/*Data for the table `link` */

insert  into `link`(`id`,`cid`,`name`,`description`,`link`,`image`,`status`,`sort`) values (7,3,'百度1','','','public/uploads/image/20180822/2317688308.jpg',1,0),(8,3,'百度2','','','public/uploads/image/20180822/2317586094.jpg',1,0),(9,4,'比亚迪E5','','','',1,0),(10,4,'吉利帝豪 EV450','','','',1,0),(11,4,'雷凌双擎','','','',1,0),(12,4,'荣威IE5','','','',1,0),(13,4,'以租代购','','','',1,0),(15,3,'','','','public/uploads/image/20180822/2318576265.png',1,0);

/*Table structure for table `link_category` */

DROP TABLE IF EXISTS `link_category`;

CREATE TABLE `link_category` (
  `id` int(10) unsigned NOT NULL AUTO_INCREMENT,
  `name` varchar(50) NOT NULL COMMENT '链接分类',
  PRIMARY KEY (`id`)
) ENGINE=MyISAM AUTO_INCREMENT=5 DEFAULT CHARSET=utf8 COMMENT='友情链接分类表';

/*Data for the table `link_category` */

insert  into `link_category`(`id`,`name`) values (3,'合作伙伴1'),(4,'顶部搜索框下方链接');

/*Table structure for table `page` */

DROP TABLE IF EXISTS `page`;

CREATE TABLE `page` (
  `id` int(10) unsigned NOT NULL AUTO_INCREMENT COMMENT '分类ID',
  `spai` tinyint(5) NOT NULL,
  `child` tinyint(1) NOT NULL DEFAULT '0' COMMENT '是否有子类 默认0（否）',
  `name` varchar(50) NOT NULL COMMENT '分类名称',
  `title` varchar(50) NOT NULL,
  `introduction` varchar(255) NOT NULL,
  `alias` varchar(50) DEFAULT '' COMMENT '导航别名',
  `content` longtext COMMENT '分类内容',
  `thumb` varchar(255) DEFAULT '' COMMENT '缩略图',
  `sort` smallint(5) unsigned NOT NULL DEFAULT '0' COMMENT '排序',
  `pid` int(10) unsigned NOT NULL DEFAULT '0' COMMENT '上级分类ID',
  `path` varchar(255) DEFAULT '' COMMENT '路径',
  `create_time` int(11) NOT NULL,
  PRIMARY KEY (`id`)
) ENGINE=MyISAM AUTO_INCREMENT=66 DEFAULT CHARSET=utf8 COMMENT='单页分类表';

/*Data for the table `page` */

insert  into `page`(`id`,`spai`,`child`,`name`,`title`,`introduction`,`alias`,`content`,`thumb`,`sort`,`pid`,`path`,`create_time`) values (46,1,0,'关于我们','关于我们','工信赛瑞（深圳）知识产权研究院是由工业和信息化部国家工业信息安全发展研究中心，于2016年在深圳设立。\r\n\r\n    依托国家工业信息安全发展研究中心的技术专家和法律专家优势，以及丰富的司法鉴定经验，定位打造成国家级知识产权司法鉴定和电子数据司法鉴定服务平台。专家团队包括80余位技术及法律专家，90%以上具有高级技术职称，涵盖网络与通信、计算机软件、半导体技术、电子元器件、工业自动化、机械工程、化工材料、生物技术等技术领域。','优质服务，荣誉至上','','public/uploads/image/20180828/1143968551.jpg',0,0,'',0),(47,1,0,'公司简介','公司简介','','','<p><img src=\"__GX__\\asset\\images\\about_content.jpg\" alt=\"\" class=\"img-responsive pull-right\" width=\"40%\"/></p><p>工信赛瑞（深圳）知识产权研究院是由工业和信息化部国家工业信息安全发展研究中心，于2016年在深圳设立。依托国家工业信息安全发展研究中心的技术专家和法律专家优势，以及丰富的司法鉴定经验，定位打造成国家级知识产权司法鉴定和电子数据司法鉴定服务平台。</p><p>专家团队包括80余位技术及法律专家，90%以上具有高级技术职称，涵盖网络与通信、计算机软件、半导体技术、电子元器件、工业自动化、机械工程、化工材料、生物技术等技术领域。</p>','',0,46,'',0),(48,1,0,'企业文化','','','','','',0,46,'',0),(49,1,0,'发展历程','','','','','',0,46,'',0),(50,1,0,'荣誉资质','','','','','',0,46,'',0),(63,3,0,'联系我们','','','优质服务，荣誉至上',NULL,'public/uploads/image/20180829/1721409924.jpg',0,0,'',1535506237),(64,3,0,'联系我们','','','',NULL,'',0,63,'',1535506484),(65,3,0,'人才招聘','人才招聘','','','<p style=\"text-align: center;\"><img src=\"/public/uploads/image/20180829/1535536039110281.jpg\" title=\"1535536039110281.jpg\" _src=\"/public/uploads/image/20180829/1535536039110281.jpg\" alt=\"timg.jpg\"/></p><p><br/></p>','',0,63,'',1535506492),(58,2,0,'专业服务','','','优质服务，荣誉至上',NULL,'public/uploads/image/20180828/1218947238.jpg',0,0,'',1535429731),(59,2,0,'知识产权鉴定','知识产权鉴定','','','<ul class=\" list-paddingleft-2\"><li><p>对涉嫌（被）侵权的技术信息是否公知进行鉴定；</p></li><li><p>对涉嫌侵权的技术信息是否与他人的技术秘密具有同一性进行鉴定；</p></li><li><p>对涉嫌侵权的技术方案或外观设计是否落入他人专利保护范围进行鉴定；</p></li><li><p>对涉嫌侵权技术方案是否属于现有技术进行鉴定；</p></li><li><p>对权利人的作品是否具有独创性进行鉴定；</p></li><li><p>对涉嫌侵权作品是否与他人享有著作权的作品构成实质性相似进行鉴定；</p></li><li><p>对涉嫌侵权的计算机软件代码是否与他人的软件代码构成实质性相似进行鉴定；</p></li><li><p>对涉嫌侵权的集成电路布图设计是否侵犯他人的集成电路布图设计专有权进行鉴定；</p></li><li><p>对各类技术合同争议中涉及的技术问题进行鉴定；</p></li><li><p>对涉嫌侵权的标识、名称等是否与他人注册商标构成相同或相近似进行鉴定；</p></li><li><p>对涉嫌侵权的商品名称、包装、装潢是否与知名商品的名称、包装、装潢构成相同或相近似进行鉴定；</p></li></ul><p><img src=\"__GX__\\asset\\images\\service_content.jpg\" alt=\"\" class=\"img-responsive\" width=\"100%\"/></p>','',0,58,'',1535429747),(60,2,0,'电子数据鉴定','','','',NULL,'',0,58,'',1535429756),(61,2,0,'商事鉴定','','','',NULL,'',0,58,'',1535429764),(62,2,0,'电子数据存证','','','',NULL,'',0,58,'',1535429772);

/*Table structure for table `slide` */

DROP TABLE IF EXISTS `slide`;

CREATE TABLE `slide` (
  `id` int(10) unsigned NOT NULL AUTO_INCREMENT,
  `cid` int(10) unsigned NOT NULL COMMENT '分类ID',
  `name` varchar(50) NOT NULL COMMENT '轮播图名称',
  `description` varchar(255) DEFAULT '' COMMENT '说明',
  `link` varchar(255) DEFAULT '' COMMENT '链接',
  `target` varchar(10) DEFAULT '' COMMENT '打开方式',
  `image` varchar(255) DEFAULT '' COMMENT '轮播图片',
  `status` tinyint(1) unsigned NOT NULL DEFAULT '1' COMMENT '状态  1 显示  0  隐藏',
  `sort` int(10) unsigned NOT NULL DEFAULT '0' COMMENT '排序',
  PRIMARY KEY (`id`)
) ENGINE=MyISAM AUTO_INCREMENT=28 DEFAULT CHARSET=utf8 COMMENT='轮播图表';

/*Data for the table `slide` */

insert  into `slide`(`id`,`cid`,`name`,`description`,`link`,`target`,`image`,`status`,`sort`) values (8,3,'b2','home_banner','','','public/uploads/image/20180813/1434542996.jpg',0,0),(12,3,'','home_banner','','','public/uploads/image/20180829/1003454034.jpg',1,0),(14,3,'','home_banner','','','public/uploads/image/20180820/1743630608.jpg',0,0),(22,3,'','home_banner','','','public/uploads/image/20180829/1004188192.jpg',1,0),(26,3,'','home_banner','','','public/uploads/image/20180829/1004675711.jpg',1,0);

/*Table structure for table `slide_category` */

DROP TABLE IF EXISTS `slide_category`;

CREATE TABLE `slide_category` (
  `id` int(10) unsigned NOT NULL AUTO_INCREMENT,
  `name` varchar(50) NOT NULL COMMENT '轮播图分类',
  PRIMARY KEY (`id`)
) ENGINE=MyISAM AUTO_INCREMENT=11 DEFAULT CHARSET=utf8 COMMENT='轮播图分类表';

/*Data for the table `slide_category` */

insert  into `slide_category`(`id`,`name`) values (3,'首页_轮播图');

/*Table structure for table `solution` */

DROP TABLE IF EXISTS `solution`;

CREATE TABLE `solution` (
  `id` int(10) unsigned NOT NULL AUTO_INCREMENT COMMENT '方案ID',
  `com_id` smallint(5) unsigned NOT NULL COMMENT '公司ID',
  `car_id` smallint(5) unsigned NOT NULL COMMENT '车型id',
  `oneC_id` smallint(5) NOT NULL COMMENT '车（一级导航）',
  `twoC_id` smallint(5) NOT NULL COMMENT '车（所属分类）',
  `title` varchar(255) NOT NULL DEFAULT '' COMMENT '标题',
  `introduction` varchar(255) DEFAULT '' COMMENT '简介',
  `content` longtext COMMENT '内容',
  `status` tinyint(1) unsigned NOT NULL DEFAULT '0' COMMENT '状态 0 待审核  1 审核',
  `thumb` varchar(255) DEFAULT '' COMMENT '缩略图',
  `sort` tinyint(3) unsigned NOT NULL DEFAULT '0' COMMENT '排序',
  `create_time` int(11) NOT NULL COMMENT '创建时间',
  `isdel` tinyint(1) NOT NULL DEFAULT '0' COMMENT '是否删除（0不删除，1删除）',
  PRIMARY KEY (`id`)
) ENGINE=MyISAM AUTO_INCREMENT=17 DEFAULT CHARSET=utf8 COMMENT='更多方案表';

/*Data for the table `solution` */

insert  into `solution`(`id`,`com_id`,`car_id`,`oneC_id`,`twoC_id`,`title`,`introduction`,`content`,`status`,`thumb`,`sort`,`create_time`,`isdel`) values (1,4,1,28,37,'','','[{\"shoufu\":\"1\",\"yuegong\":\"1\",\"yajin\":\"1\",\"qishu\":\"1\",\"shuangban\":\"1\"},{\"shoufu\":\"2\",\"yuegong\":\"2\",\"yajin\":\"2\",\"qishu\":\"2\",\"shuangban\":\"2\"},{\"shoufu\":\"3\",\"yuegong\":\"3\",\"yajin\":\"3\",\"qishu\":\"3\",\"shuangban\":\"3\"}]',1,'',0,1534244689,1),(2,4,6,28,37,'','','[{\"shoufu\":\"1\",\"yuegong\":\"1\",\"yajin\":\"1\",\"qishu\":\"1\",\"shuangban\":\"1\"},{\"shoufu\":\"2\",\"yuegong\":\"2\",\"yajin\":\"2\",\"qishu\":\"2\",\"shuangban\":\"2\"},{\"shoufu\":\"3\",\"yuegong\":\"3\",\"yajin\":\"3\",\"qishu\":\"3\",\"shuangban\":\"0\"}]',1,'',0,1534244689,1),(3,5,8,29,38,'','','[{\"shoufu\":\"2\",\"yuegong\":\"2\",\"yajin\":\"2\",\"qishu\":\"2\",\"shuangban\":\"2\"},{\"shoufu\":\"3\",\"yuegong\":\"3\",\"yajin\":\"3\",\"qishu\":\"3\",\"shuangban\":\"3\"}]',1,'',0,1534244689,1),(4,5,6,28,37,'','','[{\"shoufu\":\"1\",\"yuegong\":\"10\",\"yajin\":\"500\",\"qishu\":\"1\",\"shuangban\":\"\\u652f\\u6301\"},{\"shoufu\":\"2\",\"yuegong\":\"10\",\"yajin\":\"200\",\"qishu\":\"5\",\"shuangban\":\"\\u4e0d\\u652f\\u6301\"}]',1,'',0,1534244689,1),(5,20,2,28,30,'','','[{\"shoufu\":\"1\",\"yuegong\":\"1\",\"yajin\":\"1\",\"qishu\":\"1\",\"shuangban\":\"1\"},{\"shoufu\":\"2\",\"yuegong\":\"2\",\"yajin\":\"2\",\"qishu\":\"2\",\"shuangban\":\"2\"},{\"shoufu\":\"3\",\"yuegong\":\"3\",\"yajin\":\"3\",\"qishu\":\"3\",\"shuangban\":\"3\"}]',1,'',0,1534244689,1),(6,20,21,31,40,'','','[{\"shoufu\":\"1\",\"yuegong\":\"1\",\"yajin\":\"1\",\"qishu\":\"1\",\"shuangban\":\"1\"},{\"shoufu\":\"22\",\"yuegong\":\"22\",\"yajin\":\"22\",\"qishu\":\"22\",\"shuangban\":\"22\"}]',1,'',0,1534244689,1),(7,20,22,31,40,'','','[{\"shoufu\":\"2222\",\"yuegong\":\"22\",\"yajin\":\"22\",\"qishu\":\"11\",\"shuangban\":\"\\u652f\\u6301\"},{\"shoufu\":\"1\",\"yuegong\":\"1\",\"yajin\":\"1\",\"qishu\":\"1\",\"shuangban\":\"\\u4e0d\\u652f\\u6301\"},{\"shoufu\":\"2\",\"yuegong\":\"2\",\"yajin\":\"2\",\"qishu\":\"2\",\"shuangban\":\"\\u652f\\u6301\"}]',1,'',0,1534244689,1),(8,31,40,28,30,'','','[{\"shoufu\":\"0\",\"yuegong\":\"1200\",\"yajin\":\"500\",\"qishu\":\"24\",\"shuangban\":\"\\u652f\\u6301\"}]',1,'',0,1534489447,1),(9,31,40,28,30,'','','[{\"shoufu\":\"0\",\"yuegong\":\"5000\",\"yajin\":\"30000\",\"qishu\":\"36\",\"shuangban\":\"\\u5426\"},{\"shoufu\":\"0\",\"yuegong\":\"3500\",\"yajin\":\"30000\",\"qishu\":\"36\",\"shuangban\":\"\\u662f\"}]',1,'',0,1534732686,1),(10,78,42,28,30,'','','[{\"shoufu\":\"0\",\"yuegong\":\"4950\",\"yajin\":\"15000\",\"qishu\":\"36\",\"shuangban\":\"\\u5426\"}]',1,'',0,1534901100,1),(11,78,38,28,30,'','','[{\"type\":\"\\u4ee5\\u79df\\u4ee3\\u8d2d\",\"shoufu\":\"20000\",\"yuegong\":\"4060\",\"yajin\":\"0\",\"qishu\":\"10\",\"shuangban\":\"\\u5426\"},{\"type\":\"\\u7eaf\\u79df\\u8d41\",\"shoufu\":\"0\",\"yuegong\":\"5200\",\"yajin\":\"15000\",\"qishu\":\"36\",\"shuangban\":\"\\u652f\\u6301\"}]',1,'',2,1534901159,0),(12,78,45,28,30,'','','[{\"shoufu\":\"0\",\"yuegong\":\"5500\",\"yajin\":\"20000\",\"qishu\":\"16\",\"shuangban\":\"\\u5426\"},{\"shoufu\":\"1\",\"yuegong\":\"5500\",\"yajin\":\"30000\",\"qishu\":\"24\",\"shuangban\":\"\\u662f\"}]',1,'',0,1534901357,1),(13,79,71,28,30,'','','[{\"type\":\"\\u7eaf\\u79df\\u8d41\",\"shoufu\":\"0\",\"yuegong\":\"5600\",\"yajin\":\"15000\",\"qishu\":\"0\",\"shuangban\":\"\\u5426\"}]',1,'',0,1534902994,0),(14,79,38,28,30,'','','[{\"type\":\"\\u7eaf\\u79df\\u8d41\",\"shoufu\":\"0\",\"yuegong\":\"4500\",\"yajin\":\"3\",\"qishu\":\"36\",\"shuangban\":\"\\u662f\"},{\"type\":\"\\u4ee5\\u79df\\u4ee3\\u8d2d\",\"shoufu\":\"1\",\"yuegong\":\"5500\",\"yajin\":\"4\",\"qishu\":\"12\",\"shuangban\":\"\\u5426\"}]',1,'',3,1534908176,0),(15,33,38,28,30,'','','[{\"type\":\"\\u7eaf\\u79df\\u8d41\",\"shoufu\":\"10000\",\"yuegong\":\"5500\",\"yajin\":\"3\",\"qishu\":\"36\",\"shuangban\":\"\\u662f\"}]',1,'',1,1534908561,0),(16,33,45,28,30,'','','[{\"type\":\"\\u7eaf\\u79df\\u8d41\",\"shoufu\":\"1.5\\u4e07\",\"yuegong\":\"4950\",\"yajin\":\"0\",\"qishu\":\"36\",\"shuangban\":\"\\u5426\"},{\"type\":\"\\u4ee5\\u79df\\u4ee3\\u8d2d\",\"shoufu\":\"1.5\\u74e6\",\"yuegong\":\"5200\",\"yajin\":\"0\",\"qishu\":\"36\",\"shuangban\":\"\\u662f\"},{\"type\":\"\",\"shoufu\":\"\",\"yuegong\":\"\",\"yajin\":\"\",\"qishu\":\"\",\"shuangban\":\"\"}]',1,'',0,1534918841,0);

/*Table structure for table `sys_actionlog` */

DROP TABLE IF EXISTS `sys_actionlog`;

CREATE TABLE `sys_actionlog` (
  `id` bigint(16) unsigned NOT NULL AUTO_INCREMENT COMMENT '日志表id',
  `admin_id` int(10) DEFAULT NULL COMMENT '管理员id',
  `log_info` varchar(255) NOT NULL DEFAULT '' COMMENT '日志描述',
  `log_ip` varchar(30) NOT NULL DEFAULT '' COMMENT 'ip地址',
  `log_url` varchar(50) NOT NULL DEFAULT '' COMMENT 'url',
  `shop_id` int(11) unsigned NOT NULL DEFAULT '0' COMMENT '商城id',
  `type` tinyint(3) unsigned NOT NULL DEFAULT '1' COMMENT '模块id',
  `log_time` int(10) DEFAULT NULL COMMENT '日志时间',
  PRIMARY KEY (`id`)
) ENGINE=MyISAM AUTO_INCREMENT=59 DEFAULT CHARSET=utf8;

/*Data for the table `sys_actionlog` */

insert  into `sys_actionlog`(`id`,`admin_id`,`log_info`,`log_ip`,`log_url`,`shop_id`,`type`,`log_time`) values (1,1,'添加商城轮换图','0.0.0.0','/admin/admin/systemaddss.html',0,1,1533026135),(2,1,'登录商城管理后台','0.0.0.0','/adminshop/admin/loginlogin.html',0,2,1533087864),(3,1,'登录平台管理后台','0.0.0.0','/admin/admin/loginlogin.html',0,1,1533090360),(4,2,'登录平台管理后台','127.0.0.1','/admin/admin/loginlogin.html',0,1,1533635621),(5,2,'登录平台管理后台','127.0.0.1','/admin/admin/loginlogin.html',0,1,1533798919),(6,2,'登录平台管理后台','127.0.0.1','/admin/admin/loginlogin.html',0,1,1533863770),(7,2,'删除酒吧','127.0.0.1','/admin/admin/bardel.html',0,1,1533871980),(8,2,'删除酒吧','127.0.0.1','/admin/admin/bardel.html',0,1,1533872023),(9,2,'删除酒吧商品品牌','127.0.0.1','/admin/admin/bardelb.html',0,1,1533872031),(10,2,'登录平台管理后台','127.0.0.1','/admin/admin/loginlogin.html',0,1,1533953859),(11,2,'登录平台管理后台','127.0.0.1','/admin/admin/loginlogin.html',0,1,1534036624),(12,2,'登录平台管理后台','127.0.0.1','/admin/admin/loginlogin.html',0,1,1534084271),(13,2,'登录平台管理后台','127.0.0.1','/admin/admin/loginlogin.html',0,1,1534123271),(14,2,'登录平台管理后台','127.0.0.1','/admin/admin/loginlogin.html',0,1,1534210033),(15,2,'登录平台管理后台','127.0.0.1','/admin/admin/loginlogin.html',0,1,1534210033),(16,2,'登录平台管理后台','127.0.0.1','/admin/admin/loginlogin.html',0,1,1534236766),(17,2,'登录平台管理后台','127.0.0.1','/admin/admin/loginlogin.html',0,1,1534237488),(18,2,'登录平台管理后台','127.0.0.1','/admin/admin/loginlogin.html',0,1,1534296130),(19,2,'登录平台管理后台','183.13.202.206','/admin/admin/loginlogin.html',0,1,1534335538),(20,2,'登录平台管理后台','119.136.154.151','/admin/admin/loginlogin.html',0,1,1534385527),(21,2,'登录平台管理后台','223.74.108.49','/admin/admin/loginlogin.html',0,1,1534386001),(22,2,'登录平台管理后台','183.13.202.206','/admin/admin/loginlogin.html',0,1,1534386682),(23,2,'登录平台管理后台','119.136.154.151','/admin/admin/loginlogin.html',0,1,1534386731),(24,2,'登录平台管理后台','116.24.64.181','/admin/admin/loginlogin.html',0,1,1534387749),(25,2,'登录平台管理后台','119.136.154.151','/admin/admin/loginlogin.html',0,1,1534388729),(26,2,'登录平台管理后台','113.96.218.50','/admin/admin/loginlogin.html',0,1,1534403318),(27,2,'登录平台管理后台','183.13.202.206','/admin/admin/loginlogin.html',0,1,1534469313),(28,2,'登录平台管理后台','223.74.108.23','/admin/admin/loginlogin.html',0,1,1534582384),(29,2,'登录平台管理后台','183.13.201.250','/admin/admin/loginlogin.html',0,1,1534731954),(30,2,'登录平台管理后台','119.136.152.238','/admin/admin/loginlogin.html',0,1,1534750741),(31,2,'登录平台管理后台','119.136.152.238','/admin/admin/loginlogin.html',0,1,1534750741),(32,2,'登录平台管理后台','120.229.75.6','/admin/admin/loginlogin.html',0,1,1534769414),(33,2,'登录平台管理后台','223.104.63.181','/admin/admin/loginlogin.html',0,1,1534771309),(34,2,'登录平台管理后台','183.13.201.250','/admin/admin/loginlogin.html',0,1,1534814651),(35,2,'登录平台管理后台','113.118.5.94','/admin/admin/loginlogin.html',0,1,1534817223),(36,2,'登录平台管理后台','113.118.5.94','/admin/admin/loginlogin.html',0,1,1534839650),(37,2,'登录平台管理后台','120.229.75.71','/admin/admin/loginlogin.html',0,1,1534848211),(38,2,'登录平台管理后台','113.118.5.94','/admin/admin/loginlogin.html',0,1,1534849004),(39,2,'登录平台管理后台','183.13.204.7','/admin/admin/loginlogin.html',0,1,1534900404),(40,2,'登录平台管理后台','120.229.75.71','/admin/admin/loginlogin.html',0,1,1534900970),(41,2,'登录平台管理后台','183.13.204.7','/admin/admin/loginlogin.html',0,1,1534903629),(42,2,'登录平台管理后台','113.118.4.199','/admin/admin/loginlogin.html',0,1,1534904366),(43,2,'登录平台管理后台','183.13.204.7','/admin/admin/loginlogin.html',0,1,1534904775),(44,2,'登录平台管理后台','113.118.4.199','/admin/admin/loginlogin.html',0,1,1534908098),(45,2,'登录平台管理后台','113.118.4.199','/admin/admin/loginlogin.html',0,1,1534925771),(46,2,'登录平台管理后台','183.13.204.7','/admin/admin/loginlogin.html',0,1,1534928695),(47,2,'登录平台管理后台','113.118.4.199','/admin/admin/loginlogin.html',0,1,1534931386),(48,2,'登录平台管理后台','183.13.204.7','/admin/admin/loginlogin.html',0,1,1534931887),(49,2,'登录平台管理后台','120.229.75.71','/admin/admin/loginlogin.html',0,1,1534933034),(50,2,'登录平台管理后台','120.229.75.71','/admin/admin/loginlogin.html',0,1,1534946045),(51,2,'登录平台管理后台','183.13.204.7','/admin/admin/loginlogin.html',0,1,1534987112),(52,2,'登录平台管理后台','127.0.0.1','/admin/admin/loginlogin.html',0,1,1535007197),(53,2,'登录平台管理后台','127.0.0.1','/admin/admin/loginlogin.html',0,1,1535007909),(54,2,'登录平台管理后台','127.0.0.1','/admin/admin/loginlogin.html',0,1,1535104906),(55,2,'登录平台管理后台','127.0.0.1','/admin/admin/loginlogin.html',0,1,1535419123),(56,2,'登录平台管理后台','127.0.0.1','/admin/admin/loginlogin.html',0,1,1535454887),(57,2,'登录平台管理后台','127.0.0.1','/admin/admin/loginlogin.html',0,1,1535505077),(58,2,'登录平台管理后台','127.0.0.1','/admin/admin/loginlogin.html',0,1,1535592795);

/*Table structure for table `sys_admin` */

DROP TABLE IF EXISTS `sys_admin`;

CREATE TABLE `sys_admin` (
  `id` int(11) unsigned NOT NULL AUTO_INCREMENT COMMENT '用户id',
  `group_id` int(11) NOT NULL COMMENT '权限组id',
  `name` varchar(60) NOT NULL DEFAULT '' COMMENT '用户名',
  `pwd` varchar(32) NOT NULL DEFAULT '' COMMENT '密码',
  `realname` varchar(32) NOT NULL DEFAULT '' COMMENT '真实姓名',
  `email` varchar(60) NOT NULL DEFAULT '' COMMENT '邮箱',
  `mobile` varchar(30) NOT NULL DEFAULT '' COMMENT '手机号码',
  `headpic` varchar(120) NOT NULL DEFAULT 'public/uploads/image/20180720/b.jpg' COMMENT '头像',
  `last_login` int(11) NOT NULL DEFAULT '0' COMMENT '最后登录时间',
  `last_ip` varchar(15) NOT NULL DEFAULT '' COMMENT '最后登录ip',
  `sort` smallint(5) DEFAULT '0' COMMENT '排序',
  `status` tinyint(1) unsigned NOT NULL DEFAULT '1' COMMENT '状态',
  `isdel` tinyint(1) NOT NULL DEFAULT '0' COMMENT '是否删除',
  `addtime` int(11) unsigned NOT NULL DEFAULT '0' COMMENT '添加时间',
  `modtime` int(11) unsigned NOT NULL DEFAULT '0' COMMENT '修改时间',
  PRIMARY KEY (`id`),
  KEY `user_name` (`name`) USING BTREE
) ENGINE=MyISAM AUTO_INCREMENT=4 DEFAULT CHARSET=utf8 ROW_FORMAT=DYNAMIC COMMENT='系统后台管理员';

/*Data for the table `sys_admin` */

insert  into `sys_admin`(`id`,`group_id`,`name`,`pwd`,`realname`,`email`,`mobile`,`headpic`,`last_login`,`last_ip`,`sort`,`status`,`isdel`,`addtime`,`modtime`) values (1,1,'iswweb','0dfc7612f607db6c17fd99388e9e5f9c','星翼','','13421337702','public/uploads/image/20180720/a.jpg',1533090360,'0.0.0.0',0,1,0,1532485921,0),(2,1,'admin','0dfc7612f607db6c17fd99388e9e5f9c','administrator','','13421337704','public/uploads/image/20180720/c.jpg',1535592795,'127.0.0.1',0,1,0,1531980163,0),(3,2,'abc','7b79e788e94c1c41b6d4e1b1280c4bdb','abc','','13421337883','public/uploads/image/20180720/b.jpg',1532442951,'0.0.0.0',0,1,0,1531988604,1532073425);

/*Table structure for table `sys_auth_group` */

DROP TABLE IF EXISTS `sys_auth_group`;

CREATE TABLE `sys_auth_group` (
  `id` mediumint(8) unsigned NOT NULL AUTO_INCREMENT,
  `title` char(100) NOT NULL DEFAULT '',
  `status` tinyint(1) NOT NULL DEFAULT '1',
  `rules` varchar(255) NOT NULL COMMENT '权限规则id',
  PRIMARY KEY (`id`)
) ENGINE=MyISAM AUTO_INCREMENT=3 DEFAULT CHARSET=utf8 COMMENT='权限组表';

/*Data for the table `sys_auth_group` */

insert  into `sys_auth_group`(`id`,`title`,`status`,`rules`) values (1,'超级管理组',1,'1,2,3,4,5,6,7,10,11,12,13,14,15,16,8,17,18,19,20,21,9,22,23,24,25,26,27,28,29,30,31,32,33,34,35,38,39,40,41,42,36,43,44,45,46,47,37,48,49,50,51,52,53,54,56,57,58,59,60,55,61,62,63,64,65,66'),(2,'普通员工',1,'1,112,184,136,137,138,192,202,185,190,220,188,189,221,222,223,224,225,226,237,240,238,239,241,242,243,244,245,246,113,114,115,116,119,120,121,122,123,117,124,125,126,127,128,118,129,130,131,132,133,2,3,4,191,193,194,195,196,108,109,110,111,203,204,205,206');

/*Table structure for table `sys_auth_rule` */

DROP TABLE IF EXISTS `sys_auth_rule`;

CREATE TABLE `sys_auth_rule` (
  `id` mediumint(8) unsigned NOT NULL AUTO_INCREMENT,
  `name` varchar(80) NOT NULL DEFAULT '' COMMENT '规则名称',
  `title` varchar(20) NOT NULL DEFAULT '',
  `group` varchar(100) NOT NULL DEFAULT '' COMMENT '所属分组',
  `type` tinyint(1) unsigned NOT NULL DEFAULT '1',
  `status` tinyint(1) NOT NULL DEFAULT '1' COMMENT '状态',
  `pid` smallint(5) unsigned NOT NULL DEFAULT '0' COMMENT '父级id',
  `icon` varchar(50) DEFAULT 'fa fa-circle-o' COMMENT '图标',
  `sort` tinyint(4) unsigned NOT NULL DEFAULT '0' COMMENT '排序',
  `condition` char(100) DEFAULT '',
  PRIMARY KEY (`id`),
  UNIQUE KEY `name` (`name`) USING BTREE
) ENGINE=MyISAM AUTO_INCREMENT=256 DEFAULT CHARSET=utf8 COMMENT='规则表';

/*Data for the table `sys_auth_rule` */

insert  into `sys_auth_rule`(`id`,`name`,`title`,`group`,`type`,`status`,`pid`,`icon`,`sort`,`condition`) values (1,'admin/Index/index','后台首页','index',1,1,0,'fa fa-dashboard',0,''),(2,'admin/System/default','系统配置','system',1,1,0,'fa fa-cog',9,''),(3,'admin/System/siteconfig','站点信息','system',1,1,2,'fa fa-circle-o',0,''),(4,'admin/System/loglist','系统日志','system',1,1,2,'fa fa-circle-o',0,''),(5,'admin/AuthGroup/index','权限组','system',1,1,2,'fa fa-circle-o',2,''),(6,'admin/Admin/index','管理员','system',1,1,2,'fa fa-circle-o',3,''),(7,'admin/Menu/index','菜单管理','system',1,1,2,'fa fa-leaf',4,''),(8,'admin/AuthGroup/add','添加权限组','system',1,0,5,'',0,''),(9,'admin/AuthGroup/save','保存权限组','system',1,0,5,'',0,''),(10,'admin/AuthGroup/edit','编辑权限组','system',1,0,5,'',0,''),(11,'admin/AuthGroup/update','更新权限组','system',1,0,5,'',0,''),(12,'admin/AuthGroup/delete','删除权限组','system',1,0,5,'',0,''),(13,'admin/Admin/add','添加管理员','system',1,0,6,'',0,''),(14,'admin/Admin/save','保存管理员','system',1,0,6,'',0,''),(15,'admin/Admin/edit','编辑管理员','system',1,0,6,'',0,''),(16,'admin/Admin/update','更新管理员','system',1,0,6,'',0,''),(17,'admin/Admin/delete','删除管理员','system',1,0,6,'',0,''),(18,'admin/Menu/add','添加菜单','system',1,0,7,'',0,''),(19,'admin/Menu/save','保存菜单','system',1,0,7,'',0,''),(20,'admin/Menu/edit','编辑菜单','system',1,0,7,'',0,''),(21,'admin/Menu/update','更新菜单','system',1,0,7,'',0,''),(22,'admin/Menu/delete','删除菜单','system',1,0,7,'',0,''),(172,'admin/TeamCategory/add','添加团队栏目','team',1,0,170,'fa fa-circle-o',0,''),(72,'admin/System/langlst','语言包','system',1,0,2,'fa fa-circle-o',1,''),(73,'admin/System/addl','添加语言','system',1,0,72,'',0,''),(74,'admin/System/editlk','编辑语言信息','system',1,0,72,'',0,''),(75,'admin/System/dellk','删除语言','system',1,0,72,'',0,''),(76,'admin/System/addlk','添加语言key值','system',1,9,72,'',0,''),(173,'admin/TeamCategory/save','新增团队栏目','team',1,0,170,'fa fa-circle-o',0,''),(174,'admin/TeamCategory/edit','修改团队栏目','team',1,0,170,'fa fa-circle-o',0,''),(175,'admin/TeamCategory/update','更新团队栏目','team',1,0,170,'fa fa-circle-o',0,''),(176,'admin/TeamCategory/delete','删除团队栏目','team',1,0,170,'fa fa-circle-o',0,''),(108,'admin/Slide/index','商城轮换图','system',1,0,191,'fa fa-circle-o',1,''),(109,'admin/Slide/add','添加商城轮换图','system',1,0,108,'',0,''),(110,'admin/Slide/edit','编辑商城轮换图','system',1,0,108,'',0,''),(111,'admin/Slide/delete','删除商城轮换图','system',1,0,108,'',0,''),(112,'adminshop/Index/index','后台首页','index',2,1,0,'fa fa-dashboard',0,''),(113,'adminshop/System/default','系统配置','system',2,1,0,'fa fa-cog',1,''),(114,'adminshop/System/siteconfig','商城信息','system',2,1,113,'fa fa-circle-o',0,''),(115,'adminshop/System/loglist','系统日志','system',2,1,113,'fa fa-circle-o',0,''),(116,'adminshop/AuthGroup/index','权限组','system',2,1,113,'fa fa-circle-o',2,''),(117,'adminshop/Admin/index','管理员','system',2,1,113,'fa fa-circle-o',3,''),(118,'adminshop/Menu/index','菜单管理','system',2,1,113,'fa fa-leaf',4,''),(119,'adminshop/AuthGroup/add','添加权限组','system',2,0,116,'',0,''),(120,'adminshop/AuthGroup/save','保存权限组','system',2,0,116,'',0,''),(121,'adminshop/AuthGroup/edit','编辑权限组','system',2,0,116,'',0,''),(122,'adminshop/AuthGroup/update','更新权限组','system',2,0,116,'',0,''),(123,'adminshop/AuthGroup/delete','删除权限组','system',2,0,116,'',0,''),(124,'adminshop/Admin/add','添加管理员','system',2,0,117,'',0,''),(125,'adminshop/Admin/save','保存管理员','system',2,0,117,'',0,''),(126,'adminshop/Admin/edit','编辑管理员','system',2,0,117,'',0,''),(127,'adminshop/Admin/update','更新管理员','system',2,0,117,'',0,''),(128,'adminshop/Admin/delete','删除管理员','system',2,0,117,'',0,''),(129,'adminshop/Menu/add','添加菜单','system',2,0,118,'',0,''),(130,'adminshop/Menu/save','保存菜单','system',2,0,118,'',0,''),(131,'adminshop/Menu/edit','编辑菜单','system',2,0,118,'',0,''),(132,'adminshop/Menu/update','更新菜单','system',2,0,118,'',0,''),(133,'adminshop/Menu/delete','删除菜单','system',2,0,118,'',0,''),(135,'admin/Category/index','文章栏目','article',1,1,181,'fa fa-circle-o',0,''),(136,'admin/Category/add','添加栏目','index',1,1,135,'fa fa-circle-o',0,''),(137,'admin/Category/save','新增栏目','index',1,1,135,'fa fa-circle-o',0,''),(138,'admin/Category/edit','修改栏目','index',1,1,135,'fa fa-circle-o',0,''),(139,'admin/Category/update','更新栏目','category',1,1,135,'fa fa-circle-o',0,''),(140,'admin/Category/delete','删除栏目','category',1,1,135,'fa fa-circle-o',0,''),(141,'admin/Category/listorder','栏目排序','category',1,1,135,'fa fa-circle-o',0,''),(142,'admin/Article/index','文章管理','article',1,1,181,'fa fa-circle-o',0,''),(143,'admin/Team/index','团队成员列表','team',1,1,169,'fa fa-circle-o',1,''),(144,'admin/Team/add','添加团队成员','team',1,1,169,'fa fa-circle-o',2,''),(145,'admin/Team/save','新增团队成员','team',1,0,143,'fa fa-circle-o',0,''),(146,'admin/Team/edit','修改团队成员','team',1,0,143,'fa fa-circle-o',0,''),(147,'admin/Team/update','更新团队成员','team',1,0,143,'fa fa-circle-o',0,''),(148,'admin/Team/delete','删除团队成员','team',1,0,143,'fa fa-circle-o',0,''),(149,'admin/Team/listorder','团队成员排序','team',1,0,143,'fa fa-circle-o',0,''),(150,'admin/PageContactCategory/index','联系我们栏目','contact',1,1,179,'fa fa-circle-o',0,''),(151,'admin/PageContactCategory/add','添加联系我们栏目','contact',1,0,150,'fa fa-circle-o',0,''),(152,'admin/PageContactCategory/save','新增联系我们栏目','contact',1,0,150,'fa fa-circle-o',0,''),(153,'admin/PageContactCategory/edit','修改联系我们栏目','contact',1,0,150,'fa fa-circle-o',0,''),(154,'admin/PageContactCategory/update','更新联系我们栏目','contact',1,0,150,'fa fa-circle-o',0,''),(155,'admin/PageContactCategory/delete','删除联系我们栏目','contact',1,0,150,'fa fa-circle-o',0,''),(156,'admin/PageContactCategory/listorder','排序联系我们栏目','contact',1,0,150,'fa fa-circle-o',0,''),(157,'admin/Cases/index','成功案例列表','case',1,1,178,'fa fa-circle-o',1,''),(158,'admin/Cases/add','添加成功案例','case',1,1,178,'fa fa-circle-o',2,''),(159,'admin/Cases/save','新增成功案例','case',1,0,157,'fa fa-circle-o',0,''),(160,'admin/Cases/edit','修改成功案例','case',1,0,157,'fa fa-circle-o',0,''),(161,'admin/Cases/update','更新成功案例','case',1,0,157,'fa fa-circle-o',0,''),(162,'admin/Cases/listorder','排序成功案例','case',1,0,157,'fa fa-circle-o',0,''),(169,'admin/Team/default','专业团队管理','team',1,1,0,'fa fa-circle-o',3,''),(170,'admin/TeamCategory/index','团队栏目','team',1,1,169,'fa fa-circle-o',0,''),(171,'admin/Menu/listorder','排序菜单管理','system',1,0,7,'fa fa-circle-o',0,''),(177,'admin/TeamCategory/listorder','排序团队栏目','team',1,0,170,'fa fa-circle-o',0,''),(178,'admin/Cases/default','成功案例管理','case',1,1,0,'fa fa-circle-o',4,''),(179,'admin/PageContactCategory/default','联系我们管理','contact',1,1,0,'fa fa-circle-o',6,''),(181,'admin/Article/default','新闻资讯管理','article',1,1,0,'fa fa-circle-o',5,''),(184,'admin/PageAboutCategory/default','关于我们管理','index',1,1,0,'fa fa-circle-o',0,''),(185,'admin/PageAbout/index','单页列表','page',1,0,184,'fa fa-circle-o',0,''),(188,'admin/PageAboutCategory/edit_page','修改单页','page',1,0,220,'fa fa-circle-o',0,''),(189,'admin/PageAboutCategory/update_page','更新单页','page',1,0,220,'fa fa-circle-o',0,''),(190,'admin/PageAbout/delete','删除单页','page',1,0,185,'fa fa-circle-o',0,''),(191,'admin/SlideCategory/index','幻灯片管理','system',1,1,2,'fa fa-circle-o',0,''),(192,'admin/SlideCategory/add','添加幻灯片','index',1,0,191,'fa fa-circle-o',0,''),(193,'admin/SlideCategory/save','新增幻灯片','system',1,0,191,'fa fa-circle-o',0,''),(194,'admin/SlideCategory/edit','修改幻灯片','system',1,0,191,'fa fa-circle-o',0,''),(195,'admin/SlideCategory/update','更新幻灯片','system',1,0,191,'fa fa-circle-o',0,''),(196,'admin/SlideCategory/delete','删除幻灯片','system',1,0,191,'fa fa-circle-o',0,''),(197,'admin/Feedback/default','留言管理','feedbook',1,1,0,'fa fa-circle-o',8,''),(198,'admin/Feedback/index','在线信息预留列表','feedbook',1,1,197,'fa fa-circle-o',0,''),(199,'admin/Feedback/edit','修改留言','feedbook',1,0,198,'fa fa-circle-o',0,''),(200,'admin/Feedback/update','更新留言','feedbook',1,0,198,'fa fa-circle-o',0,''),(201,'admin/Feedback/delete','删除留言','feedbook',1,0,198,'fa fa-circle-o',0,''),(202,'admin/LinkCategory/index','友情链接分类','index',1,0,2,'fa fa-circle-o',0,''),(203,'admin/LinkCategory/add','添加链接分类','system',1,0,202,'fa fa-circle-o',0,''),(204,'admin/LinkCategory/edit','修改链接分类','system',1,0,202,'fa fa-circle-o',0,''),(205,'admin/LinkCategory/delete','删除链接分类','system',1,0,202,'fa fa-circle-o',0,''),(206,'admin/Link/index','链接列表','system',1,0,202,'fa fa-circle-o',0,''),(207,'admin/Link/add','添加链接','system',1,0,206,'fa fa-circle-o',0,''),(208,'admin/Link/edit','更新链接','system',1,0,206,'fa fa-circle-o',0,''),(209,'admin/Link/delete','删除链接','system',1,0,206,'fa fa-circle-o',0,''),(210,'admin/Article/add','添加文章','article',1,1,181,'fa fa-circle-o',0,''),(211,'admin/Article/save','新增文章','article',1,0,142,'fa fa-circle-o',0,''),(212,'admin/Article/edit','修改文章','article',1,0,142,'fa fa-circle-o',0,''),(213,'admin/Article/update','更新文章','article',1,0,142,'fa fa-circle-o',0,''),(214,'admin/Article/delete','删除文章','article',1,0,142,'fa fa-circle-o',0,''),(215,'admin/Article/listorder','排序文章','article',1,0,142,'fa fa-circle-o',0,''),(220,'admin/PageAboutCategory/index','关于我们栏目','page',1,1,184,'fa fa-circle-o',0,''),(221,'admin/PageAboutCategory/add','添加单页栏目','page',1,0,220,'fa fa-circle-o',0,''),(222,'admin/PageAboutCategory/save','新增单页栏目','page',1,0,220,'fa fa-circle-o',0,''),(223,'admin/PageAboutCategory/edit','修改单页栏目','page',1,0,220,'fa fa-circle-o',0,''),(224,'admin/PageAboutCategory/update','更新单页栏目','page',1,0,220,'fa fa-circle-o',0,''),(225,'admin/PageAboutCategory/delete','删除单页栏目','page',1,0,220,'fa fa-circle-o',0,''),(226,'admin/PageAboutCategory/listorder','排序单页栏目','page',1,0,220,'fa fa-circle-o',0,''),(227,'admin/Cases/delete','删除成功案例','case',1,0,157,'fa fa-circle-o',0,''),(250,'admin/CaseCategory/edit','修改成功案例栏目','case',1,0,247,'fa fa-circle-o',0,''),(255,'admin/PageContactCategory/update_page','更新联系我们单页','contact',1,0,150,'fa fa-circle-o',0,''),(247,'admin/CaseCategory/index','成功案例栏目','case',1,1,178,'fa fa-circle-o',0,''),(248,'admin/CaseCategory/add','添加成功案例栏目','case',1,0,247,'fa fa-circle-o',0,''),(249,'admin/CaseCategory/save','新增成功案例栏目','case',1,0,247,'fa fa-circle-o',0,''),(254,'admin/PageContactCategory/edit_page','修改联系我们单页','contact',1,0,150,'fa fa-circle-o',0,''),(237,'admin/PageService/default','专业服务管理','pageservice',1,1,0,'fa fa-circle-o',0,''),(238,'admin/PageServiceCategory/edit_page','修改服务单页','pageservice',1,0,240,'fa fa-circle-o',0,''),(239,'admin/PageServiceCategory/update_page','更新服务单页','pageservice',1,0,240,'fa fa-circle-o',0,''),(240,'admin/PageServiceCategory/index','专业服务栏目','pageservice',1,1,237,'fa fa-circle-o',0,''),(241,'admin/PageServiceCategory/add','添加服务单页栏目','pageservice',1,0,240,'fa fa-circle-o',0,''),(242,'admin/PageServiceCategory/save','新增服务单页栏目','pageservice',1,0,240,'fa fa-circle-o',0,''),(243,'admin/PageServiceCategory/edit','修改服务单页栏目','pageservice',1,0,240,'fa fa-circle-o',0,''),(244,'admin/PageServiceCategory/update','更新服务单页栏目','pageservice',1,0,240,'fa fa-circle-o',0,''),(245,'admin/PageServiceCategory/delete','删除服务单页栏目','pageservice',1,0,240,'fa fa-circle-o',0,''),(246,'admin/PageServiceCategory/listorder','排序服务单页栏目','pageservice',1,0,240,'fa fa-circle-o',0,''),(251,'admin/CaseCategory/update','更新成交案例栏目','case',1,0,247,'fa fa-circle-o',0,''),(252,'admin/CaseCategory/delete','删除成功案例栏目','case',1,0,247,'fa fa-circle-o',0,''),(253,'admin/CaseCategory/listorder','排序成功案例栏目','case',1,0,247,'fa fa-circle-o',0,'');

/*Table structure for table `sys_config` */

DROP TABLE IF EXISTS `sys_config`;

CREATE TABLE `sys_config` (
  `id` int(11) NOT NULL AUTO_INCREMENT,
  `meta_id` int(11) NOT NULL DEFAULT '1' COMMENT '所属模块id',
  `meta_key` varchar(255) NOT NULL DEFAULT '' COMMENT '字段名',
  `meta_value` varchar(255) NOT NULL DEFAULT '' COMMENT '字段值',
  `meta_desc` varchar(255) NOT NULL DEFAULT '' COMMENT '说明',
  `type` tinyint(3) NOT NULL DEFAULT '0' COMMENT '类型0文本框1多行文本2图片上传',
  PRIMARY KEY (`id`)
) ENGINE=MyISAM AUTO_INCREMENT=16 DEFAULT CHARSET=utf8 ROW_FORMAT=DYNAMIC COMMENT='系统配置项';

/*Data for the table `sys_config` */

insert  into `sys_config`(`id`,`meta_id`,`meta_key`,`meta_value`,`meta_desc`,`type`) values (1,1,'site_name','工信赛瑞','站点名称',0),(2,1,'site_title','工信赛瑞','站点默认标题',0),(3,1,'seo_title','工信赛瑞','SEO关键词',0),(4,1,'seo_descition','工信赛瑞','SEO简介',1),(5,1,'site_tel','0755-86103108','联系电话',0),(6,1,'site_email','sunqin@hartend.com','邮箱',0),(11,1,'site_address','深圳市南山区高新技术产业园科技南十二路迈瑞大厦D座5C01','公司地址',1),(12,1,'site_code','public/uploads/image/20180828/1056337606.jpg','二维码',2);

/*Table structure for table `sys_language` */

DROP TABLE IF EXISTS `sys_language`;

CREATE TABLE `sys_language` (
  `id` int(11) NOT NULL AUTO_INCREMENT,
  `meta_id` int(11) DEFAULT '0' COMMENT '所属模块id',
  `meta_key` varchar(255) DEFAULT '' COMMENT '字段名',
  `meta_value` longtext NOT NULL COMMENT '字段值',
  PRIMARY KEY (`id`)
) ENGINE=MyISAM AUTO_INCREMENT=6 DEFAULT CHARSET=utf8 COMMENT='系统语言包';

/*Data for the table `sys_language` */

insert  into `sys_language`(`id`,`meta_id`,`meta_key`,`meta_value`) values (1,0,'chat','{\"cn\":\"聊天\",\"en\":\"chat\",\"jn\":\"チャット\"}'),(2,0,'bar','{\"cn\":\"酒吧\",\"en\":\"bar\",\"jn\":\"バー\"}'),(3,0,'shop','{\"cn\":\"商城\",\"en\":\"shop\",\"jn\":\"ショップ\"}'),(4,0,'message','{\"cn\":\"消息\",\"en\":\"message\",\"jn\":\"メッセージ\"}'),(5,0,'order','{\"cn\":\"订单\",\"en\":\"order\",\"jn\":\"注文書\"}');

/*Table structure for table `sys_money_log` */

DROP TABLE IF EXISTS `sys_money_log`;

CREATE TABLE `sys_money_log` (
  `id` bigint(20) unsigned NOT NULL AUTO_INCREMENT COMMENT '日志id',
  `type` tinyint(3) unsigned NOT NULL DEFAULT '0' COMMENT '变动类型',
  `ptype` tinyint(3) unsigned NOT NULL DEFAULT '0' COMMENT '流动资金类型-0微信,1积分,2现金,3代付',
  `user_id` int(11) unsigned NOT NULL DEFAULT '0' COMMENT '资金变动会员id',
  `bar_id` int(11) unsigned NOT NULL DEFAULT '0' COMMENT '酒吧id',
  `shop_id` int(11) unsigned NOT NULL DEFAULT '0' COMMENT '商城id',
  `order_id` mediumint(8) DEFAULT '0' COMMENT '订单id',
  `order_sn` varchar(50) DEFAULT '' COMMENT '订单编号',
  `order_user_id` mediumint(8) DEFAULT '0' COMMENT '订单所属人',
  `money` decimal(10,2) NOT NULL DEFAULT '0.00' COMMENT '变动金额',
  `desc` varchar(255) NOT NULL DEFAULT '' COMMENT '描述',
  `addtime` int(10) unsigned NOT NULL DEFAULT '0' COMMENT '变动时间',
  PRIMARY KEY (`id`)
) ENGINE=MyISAM AUTO_INCREMENT=15 DEFAULT CHARSET=utf8;

/*Data for the table `sys_money_log` */

insert  into `sys_money_log`(`id`,`type`,`ptype`,`user_id`,`bar_id`,`shop_id`,`order_id`,`order_sn`,`order_user_id`,`money`,`desc`,`addtime`) values (1,0,1,1,0,0,1,'201807241615057434',1,'1000.00','会员充值余额',1532420205),(2,1,1,0,1,0,2,'201807241616198054',0,'100000.00','酒吧充值积分',1532420306),(3,8,1,1,0,0,1,'201807241815057556',1,'-100.00','用户提现扣除积分余额',1532755104),(4,4,0,1,0,0,1,'201807241615058884',1,'-50.00','用户霸屏',1532746200),(5,12,0,0,1,0,1,'201807241615058884',1,'47.50','霸屏收入',1532746200),(6,3,0,1,0,0,1,'201807241615056674',1,'-33.00','用户买酒',1532769783),(7,9,0,0,1,0,1,'201807241615056674',1,'33.00','酒吧卖酒',1532769783),(8,5,1,1,0,0,1,'201807241615056674',1,'1.65','用户获得酒吧返现积分',1532769783),(9,10,1,0,1,0,1,'201807241615056674',1,'-1.65','酒吧给用户返现',1532769783),(10,11,1,0,1,0,1,'201807241615056674',1,'-1.98','酒吧给平台卖酒手续费',1532769783),(11,2,1,0,0,1,3,'201807241551352967',0,'3000.00','商家充值余额',1533087864),(12,15,1,1,0,0,0,'201807241615044884',1,'-20.00','用户商城消费',1532688283),(13,14,1,0,0,1,0,'201807241615044884',1,'20.00','商城交易进账',1532688283),(14,17,1,0,0,1,0,'201807241615044884',1,'-1.00','商城给平台的交易手续费',1532688283);

/*Table structure for table `sys_param` */

DROP TABLE IF EXISTS `sys_param`;

CREATE TABLE `sys_param` (
  `id` smallint(5) unsigned NOT NULL AUTO_INCREMENT COMMENT '选项参数自增id',
  `pid` smallint(5) unsigned NOT NULL DEFAULT '0' COMMENT '父id',
  `name` varchar(30) NOT NULL DEFAULT '' COMMENT '参数名称',
  `value` smallint(3) NOT NULL DEFAULT '0' COMMENT '参数值',
  `val2` varchar(725) NOT NULL DEFAULT '' COMMENT '参数值2',
  `type` smallint(3) NOT NULL DEFAULT '0' COMMENT '参数选项类型',
  `desc` varchar(255) NOT NULL DEFAULT '' COMMENT '参数选项描述',
  `sort` int(3) NOT NULL DEFAULT '0' COMMENT '排序',
  `isdel` tinyint(1) NOT NULL DEFAULT '0' COMMENT '是否删除 1已删除，0在用',
  `addtime` int(11) unsigned NOT NULL DEFAULT '0' COMMENT '添加时间',
  PRIMARY KEY (`id`)
) ENGINE=MyISAM AUTO_INCREMENT=23 DEFAULT CHARSET=utf8;

/*Data for the table `sys_param` */

insert  into `sys_param`(`id`,`pid`,`name`,`value`,`val2`,`type`,`desc`,`sort`,`isdel`,`addtime`) values (1,0,'男',1,'',1,'性别',0,0,0),(2,0,'女',2,'',1,'性别',0,0,0),(3,0,'情侣',3,'',1,'性别',0,0,0),(4,0,'待处理',0,'',2,'提现到银行卡处理状态',0,0,0),(5,0,'处理中',1,'',2,'提现到银行卡处理状态',0,0,0),(6,0,'已完成',2,'',2,'提现到银行卡处理状态',0,0,0),(7,0,'酒吧',0,'',3,'酒吧类型',0,0,0),(8,0,'清吧',1,'',3,'酒吧类型',0,0,0),(9,0,'酒吧名称',0,'name',4,'酒吧导入字段',0,0,0),(10,0,'酒吧类型',1,'type',4,'酒吧导入字段',0,0,0),(11,0,'客服电话',2,'tel',4,'酒吧导入字段',0,0,0),(12,0,'酒吧描述',3,'desc',4,'酒吧导入字段',0,0,0),(13,0,'酒吧logo',4,'thumb',4,'酒吧导入字段',0,0,0),(14,0,'酒吧相册',5,'imgs',4,'酒吧导入字段',0,0,0),(15,0,'酒吧联系人',6,'contact',4,'酒吧导入字段',0,0,0),(16,0,'酒吧联系人电话',7,'mobile',4,'酒吧导入字段',0,0,0),(17,0,'经度',8,'wx_lat',4,'酒吧导入字段',0,0,0),(18,0,'纬度',9,'wx_lng',4,'酒吧导入字段',0,0,0),(19,0,'酒吧地址',10,'address',4,'酒吧导入字段',0,0,0),(20,0,'中文',1,'cn',5,'语言包',0,0,0),(21,0,'英文',2,'en',5,'语言包',0,0,0),(22,0,'日语',3,'jn',5,'语言包',0,0,0);

/*Table structure for table `sys_recharge` */

DROP TABLE IF EXISTS `sys_recharge`;

CREATE TABLE `sys_recharge` (
  `id` bigint(20) NOT NULL AUTO_INCREMENT,
  `type` tinyint(1) unsigned NOT NULL DEFAULT '1' COMMENT '类型(0会员充值,1酒吧充值,2商城充值)',
  `order_sn` varchar(30) NOT NULL DEFAULT '' COMMENT '充值单号',
  `user_id` int(11) unsigned NOT NULL DEFAULT '0' COMMENT '会员ID',
  `bar_id` int(11) unsigned NOT NULL DEFAULT '0' COMMENT '酒吧ID',
  `shop_id` int(11) unsigned NOT NULL DEFAULT '0' COMMENT '商城id',
  `money` decimal(10,2) NOT NULL DEFAULT '0.00' COMMENT '充值金额',
  `pay_sn` varchar(80) DEFAULT '' COMMENT '支付单号',
  `pay_time` int(11) NOT NULL DEFAULT '0' COMMENT '支付时间',
  `desc` varchar(225) DEFAULT '' COMMENT '描述',
  `status` tinyint(1) unsigned NOT NULL DEFAULT '0' COMMENT '状态(1已支付,0未支付)',
  `addtime` int(11) DEFAULT '0' COMMENT '添加时间',
  PRIMARY KEY (`id`)
) ENGINE=MyISAM AUTO_INCREMENT=4 DEFAULT CHARSET=utf8;

/*Data for the table `sys_recharge` */

insert  into `sys_recharge`(`id`,`type`,`order_sn`,`user_id`,`bar_id`,`shop_id`,`money`,`pay_sn`,`pay_time`,`desc`,`status`,`addtime`) values (1,0,'201807241615057434',1,0,0,'1000.00','4200000123201807245561149640',1532420110,'用户充值余额',1,1532420110),(2,1,'201807241616198054',0,1,0,'100000.00','4200000116201807247800165475',1532422803,'酒吧充值积分',1,1532422803),(3,2,'201807241551352967',0,0,1,'3000.00','4200000116201807247800114355',1533087864,'商家充值余额',1,1533087864);

/*Table structure for table `sys_region` */

DROP TABLE IF EXISTS `sys_region`;

CREATE TABLE `sys_region` (
  `id` int(11) NOT NULL AUTO_INCREMENT COMMENT '表id',
  `name` varchar(20) NOT NULL COMMENT '地区名称',
  `pid` int(11) DEFAULT NULL COMMENT '父id',
  `level` tinyint(1) DEFAULT NULL COMMENT '地区等级',
  PRIMARY KEY (`id`),
  KEY `pid` (`pid`)
) ENGINE=MyISAM AUTO_INCREMENT=3524 DEFAULT CHARSET=utf8 ROW_FORMAT=DYNAMIC COMMENT='系统默认省市区';

/*Data for the table `sys_region` */

insert  into `sys_region`(`id`,`name`,`pid`,`level`) values (1,'北京市',0,1),(2,'天津市',0,1),(3,'河北省',0,1),(4,'山西省',0,1),(5,'内蒙古自治区',0,1),(6,'辽宁省',0,1),(7,'吉林省',0,1),(8,'黑龙江省',0,1),(9,'上海市',0,1),(10,'江苏省',0,1),(11,'浙江省',0,1),(12,'安徽省',0,1),(13,'福建省',0,1),(14,'江西省',0,1),(15,'山东省',0,1),(16,'河南省',0,1),(17,'湖北省',0,1),(18,'湖南省',0,1),(19,'广东省',0,1),(20,'广西壮族自治区',0,1),(21,'海南省',0,1),(22,'重庆市',0,1),(23,'四川省',0,1),(24,'贵州省',0,1),(25,'云南省',0,1),(26,'西藏自治区',0,1),(27,'陕西省',0,1),(28,'甘肃省',0,1),(29,'青海省',0,1),(30,'宁夏回族自治区',0,1),(31,'新疆维吾尔自治区',0,1),(32,'台湾省',0,1),(33,'香港特别行政区',0,1),(34,'澳门特别行政区',0,1),(35,'市辖区',1,2),(36,'县',1,2),(37,'市辖区',2,2),(38,'县',2,2),(39,'石家庄市',3,2),(40,'唐山市',3,2),(41,'秦皇岛市',3,2),(42,'邯郸市',3,2),(43,'邢台市',3,2),(44,'保定市',3,2),(45,'张家口市',3,2),(46,'承德市',3,2),(47,'沧州市',3,2),(48,'廊坊市',3,2),(49,'衡水市',3,2),(50,'太原市',4,2),(51,'大同市',4,2),(52,'阳泉市',4,2),(53,'长治市',4,2),(54,'晋城市',4,2),(55,'朔州市',4,2),(56,'晋中市',4,2),(57,'运城市',4,2),(58,'忻州市',4,2),(59,'临汾市',4,2),(60,'吕梁市',4,2),(61,'呼和浩特市',5,2),(62,'包头市',5,2),(63,'乌海市',5,2),(64,'赤峰市',5,2),(65,'通辽市',5,2),(66,'鄂尔多斯市',5,2),(67,'呼伦贝尔市',5,2),(68,'巴彦淖尔市',5,2),(69,'乌兰察布市',5,2),(70,'兴安盟',5,2),(71,'锡林郭勒盟',5,2),(72,'阿拉善盟',5,2),(73,'沈阳市',6,2),(74,'大连市',6,2),(75,'鞍山市',6,2),(76,'抚顺市',6,2),(77,'本溪市',6,2),(78,'丹东市',6,2),(79,'锦州市',6,2),(80,'营口市',6,2),(81,'阜新市',6,2),(82,'辽阳市',6,2),(83,'盘锦市',6,2),(84,'铁岭市',6,2),(85,'朝阳市',6,2),(86,'葫芦岛市',6,2),(87,'长春市',7,2),(88,'吉林市',7,2),(89,'四平市',7,2),(90,'辽源市',7,2),(91,'通化市',7,2),(92,'白山市',7,2),(93,'松原市',7,2),(94,'白城市',7,2),(95,'延边朝鲜族自治州',7,2),(96,'哈尔滨市',8,2),(97,'齐齐哈尔市',8,2),(98,'鸡西市',8,2),(99,'鹤岗市',8,2),(100,'双鸭山市',8,2),(101,'大庆市',8,2),(102,'伊春市',8,2),(103,'佳木斯市',8,2),(104,'七台河市',8,2),(105,'牡丹江市',8,2),(106,'黑河市',8,2),(107,'绥化市',8,2),(108,'大兴安岭地区',8,2),(109,'市辖区',9,2),(110,'县',9,2),(111,'南京市',10,2),(112,'无锡市',10,2),(113,'徐州市',10,2),(114,'常州市',10,2),(115,'苏州市',10,2),(116,'南通市',10,2),(117,'连云港市',10,2),(118,'淮安市',10,2),(119,'盐城市',10,2),(120,'扬州市',10,2),(121,'镇江市',10,2),(122,'泰州市',10,2),(123,'宿迁市',10,2),(124,'杭州市',11,2),(125,'宁波市',11,2),(126,'温州市',11,2),(127,'嘉兴市',11,2),(128,'湖州市',11,2),(129,'绍兴市',11,2),(130,'金华市',11,2),(131,'衢州市',11,2),(132,'舟山市',11,2),(133,'台州市',11,2),(134,'丽水市',11,2),(135,'合肥市',12,2),(136,'芜湖市',12,2),(137,'蚌埠市',12,2),(138,'淮南市',12,2),(139,'马鞍山市',12,2),(140,'淮北市',12,2),(141,'铜陵市',12,2),(142,'安庆市',12,2),(143,'黄山市',12,2),(144,'滁州市',12,2),(145,'阜阳市',12,2),(146,'宿州市',12,2),(147,'巢湖市',12,2),(148,'六安市',12,2),(149,'亳州市',12,2),(150,'池州市',12,2),(151,'宣城市',12,2),(152,'福州市',13,2),(153,'厦门市',13,2),(154,'莆田市',13,2),(155,'三明市',13,2),(156,'泉州市',13,2),(157,'漳州市',13,2),(158,'南平市',13,2),(159,'龙岩市',13,2),(160,'宁德市',13,2),(161,'南昌市',14,2),(162,'景德镇市',14,2),(163,'萍乡市',14,2),(164,'九江市',14,2),(165,'新余市',14,2),(166,'鹰潭市',14,2),(167,'赣州市',14,2),(168,'吉安市',14,2),(169,'宜春市',14,2),(170,'抚州市',14,2),(171,'上饶市',14,2),(172,'济南市',15,2),(173,'青岛市',15,2),(174,'淄博市',15,2),(175,'枣庄市',15,2),(176,'东营市',15,2),(177,'烟台市',15,2),(178,'潍坊市',15,2),(179,'济宁市',15,2),(180,'泰安市',15,2),(181,'威海市',15,2),(182,'日照市',15,2),(183,'莱芜市',15,2),(184,'临沂市',15,2),(185,'德州市',15,2),(186,'聊城市',15,2),(187,'滨州市',15,2),(188,'荷泽市',15,2),(189,'郑州市',16,2),(190,'开封市',16,2),(191,'洛阳市',16,2),(192,'平顶山市',16,2),(193,'安阳市',16,2),(194,'鹤壁市',16,2),(195,'新乡市',16,2),(196,'焦作市',16,2),(197,'濮阳市',16,2),(198,'许昌市',16,2),(199,'漯河市',16,2),(200,'三门峡市',16,2),(201,'南阳市',16,2),(202,'商丘市',16,2),(203,'信阳市',16,2),(204,'周口市',16,2),(205,'驻马店市',16,2),(206,'武汉市',17,2),(207,'黄石市',17,2),(208,'十堰市',17,2),(209,'宜昌市',17,2),(210,'襄樊市',17,2),(211,'鄂州市',17,2),(212,'荆门市',17,2),(213,'孝感市',17,2),(214,'荆州市',17,2),(215,'黄冈市',17,2),(216,'咸宁市',17,2),(217,'随州市',17,2),(218,'恩施土家族苗族自治州',17,2),(219,'省直辖行政单位',17,2),(220,'长沙市',18,2),(221,'株洲市',18,2),(222,'湘潭市',18,2),(223,'衡阳市',18,2),(224,'邵阳市',18,2),(225,'岳阳市',18,2),(226,'常德市',18,2),(227,'张家界市',18,2),(228,'益阳市',18,2),(229,'郴州市',18,2),(230,'永州市',18,2),(231,'怀化市',18,2),(232,'娄底市',18,2),(233,'湘西土家族苗族自治州',18,2),(234,'广州市',19,2),(235,'韶关市',19,2),(236,'深圳市',19,2),(237,'珠海市',19,2),(238,'汕头市',19,2),(239,'佛山市',19,2),(240,'江门市',19,2),(241,'湛江市',19,2),(242,'茂名市',19,2),(243,'肇庆市',19,2),(244,'惠州市',19,2),(245,'梅州市',19,2),(246,'汕尾市',19,2),(247,'河源市',19,2),(248,'阳江市',19,2),(249,'清远市',19,2),(250,'东莞市',19,2),(251,'中山市',19,2),(252,'潮州市',19,2),(253,'揭阳市',19,2),(254,'云浮市',19,2),(255,'南宁市',20,2),(256,'柳州市',20,2),(257,'桂林市',20,2),(258,'梧州市',20,2),(259,'北海市',20,2),(260,'防城港市',20,2),(261,'钦州市',20,2),(262,'贵港市',20,2),(263,'玉林市',20,2),(264,'百色市',20,2),(265,'贺州市',20,2),(266,'河池市',20,2),(267,'来宾市',20,2),(268,'崇左市',20,2),(269,'海口市',21,2),(270,'三亚市',21,2),(271,'省直辖县级行政单位',21,2),(272,'市辖区',22,2),(273,'县',22,2),(274,'市',22,2),(275,'成都市',23,2),(276,'自贡市',23,2),(277,'攀枝花市',23,2),(278,'泸州市',23,2),(279,'德阳市',23,2),(280,'绵阳市',23,2),(281,'广元市',23,2),(282,'遂宁市',23,2),(283,'内江市',23,2),(284,'乐山市',23,2),(285,'南充市',23,2),(286,'眉山市',23,2),(287,'宜宾市',23,2),(288,'广安市',23,2),(289,'达州市',23,2),(290,'雅安市',23,2),(291,'巴中市',23,2),(292,'资阳市',23,2),(293,'阿坝藏族羌族自治州',23,2),(294,'甘孜藏族自治州',23,2),(295,'凉山彝族自治州',23,2),(296,'贵阳市',24,2),(297,'六盘水市',24,2),(298,'遵义市',24,2),(299,'安顺市',24,2),(300,'铜仁地区',24,2),(301,'黔西南布依族苗族自治州',24,2),(302,'毕节地区',24,2),(303,'黔东南苗族侗族自治州',24,2),(304,'黔南布依族苗族自治州',24,2),(305,'昆明市',25,2),(306,'曲靖市',25,2),(307,'玉溪市',25,2),(308,'保山市',25,2),(309,'昭通市',25,2),(310,'丽江市',25,2),(311,'思茅市',25,2),(312,'临沧市',25,2),(313,'楚雄彝族自治州',25,2),(314,'红河哈尼族彝族自治州',25,2),(315,'文山壮族苗族自治州',25,2),(316,'西双版纳傣族自治州',25,2),(317,'大理白族自治州',25,2),(318,'德宏傣族景颇族自治州',25,2),(319,'怒江傈僳族自治州',25,2),(320,'迪庆藏族自治州',25,2),(321,'拉萨市',26,2),(322,'昌都地区',26,2),(323,'山南地区',26,2),(324,'日喀则地区',26,2),(325,'那曲地区',26,2),(326,'阿里地区',26,2),(327,'林芝地区',26,2),(328,'西安市',27,2),(329,'铜川市',27,2),(330,'宝鸡市',27,2),(331,'咸阳市',27,2),(332,'渭南市',27,2),(333,'延安市',27,2),(334,'汉中市',27,2),(335,'榆林市',27,2),(336,'安康市',27,2),(337,'商洛市',27,2),(338,'兰州市',28,2),(339,'嘉峪关市',28,2),(340,'金昌市',28,2),(341,'白银市',28,2),(342,'天水市',28,2),(343,'武威市',28,2),(344,'张掖市',28,2),(345,'平凉市',28,2),(346,'酒泉市',28,2),(347,'庆阳市',28,2),(348,'定西市',28,2),(349,'陇南市',28,2),(350,'临夏回族自治州',28,2),(351,'甘南藏族自治州',28,2),(352,'西宁市',29,2),(353,'海东地区',29,2),(354,'海北藏族自治州',29,2),(355,'黄南藏族自治州',29,2),(356,'海南藏族自治州',29,2),(357,'果洛藏族自治州',29,2),(358,'玉树藏族自治州',29,2),(359,'海西蒙古族藏族自治州',29,2),(360,'银川市',30,2),(361,'石嘴山市',30,2),(362,'吴忠市',30,2),(363,'固原市',30,2),(364,'中卫市',30,2),(365,'乌鲁木齐市',31,2),(366,'克拉玛依市',31,2),(367,'吐鲁番地区',31,2),(368,'哈密地区',31,2),(369,'昌吉回族自治州',31,2),(370,'博尔塔拉蒙古自治州',31,2),(371,'巴音郭楞蒙古自治州',31,2),(372,'阿克苏地区',31,2),(373,'克孜勒苏柯尔克孜自治州',31,2),(374,'喀什地区',31,2),(375,'和田地区',31,2),(376,'伊犁哈萨克自治州',31,2),(377,'塔城地区',31,2),(378,'阿勒泰地区',31,2),(379,'省直辖行政单位',31,2),(380,'东城区',35,3),(381,'西城区',35,3),(382,'崇文区',35,3),(383,'宣武区',35,3),(384,'朝阳区',35,3),(385,'丰台区',35,3),(386,'石景山区',35,3),(387,'海淀区',35,3),(388,'门头沟区',35,3),(389,'房山区',35,3),(390,'通州区',35,3),(391,'顺义区',35,3),(392,'昌平区',35,3),(393,'大兴区',35,3),(394,'怀柔区',35,3),(395,'平谷区',35,3),(396,'密云县',36,3),(397,'延庆县',36,3),(398,'和平区',37,3),(399,'河东区',37,3),(400,'河西区',37,3),(401,'南开区',37,3),(402,'河北区',37,3),(403,'红桥区',37,3),(404,'塘沽区',37,3),(405,'汉沽区',37,3),(406,'大港区',37,3),(407,'东丽区',37,3),(408,'西青区',37,3),(409,'津南区',37,3),(410,'北辰区',37,3),(411,'武清区',37,3),(412,'宝坻区',37,3),(413,'宁河县',38,3),(414,'静海县',38,3),(415,'蓟　县',38,3),(416,'市辖区',39,3),(417,'长安区',39,3),(418,'桥东区',39,3),(419,'桥西区',39,3),(420,'新华区',39,3),(421,'井陉矿区',39,3),(422,'裕华区',39,3),(423,'井陉县',39,3),(424,'正定县',39,3),(425,'栾城县',39,3),(426,'行唐县',39,3),(427,'灵寿县',39,3),(428,'高邑县',39,3),(429,'深泽县',39,3),(430,'赞皇县',39,3),(431,'无极县',39,3),(432,'平山县',39,3),(433,'元氏县',39,3),(434,'赵　县',39,3),(435,'辛集市',39,3),(436,'藁城市',39,3),(437,'晋州市',39,3),(438,'新乐市',39,3),(439,'鹿泉市',39,3),(440,'市辖区',40,3),(441,'路南区',40,3),(442,'路北区',40,3),(443,'古冶区',40,3),(444,'开平区',40,3),(445,'丰南区',40,3),(446,'丰润区',40,3),(447,'滦　县',40,3),(448,'滦南县',40,3),(449,'乐亭县',40,3),(450,'迁西县',40,3),(451,'玉田县',40,3),(452,'唐海县',40,3),(453,'遵化市',40,3),(454,'迁安市',40,3),(455,'市辖区',41,3),(456,'海港区',41,3),(457,'山海关区',41,3),(458,'北戴河区',41,3),(459,'青龙满族自治县',41,3),(460,'昌黎县',41,3),(461,'抚宁县',41,3),(462,'卢龙县',41,3),(463,'市辖区',42,3),(464,'邯山区',42,3),(465,'丛台区',42,3),(466,'复兴区',42,3),(467,'峰峰矿区',42,3),(468,'邯郸县',42,3),(469,'临漳县',42,3),(470,'成安县',42,3),(471,'大名县',42,3),(472,'涉　县',42,3),(473,'磁　县',42,3),(474,'肥乡县',42,3),(475,'永年县',42,3),(476,'邱　县',42,3),(477,'鸡泽县',42,3),(478,'广平县',42,3),(479,'馆陶县',42,3),(480,'魏　县',42,3),(481,'曲周县',42,3),(482,'武安市',42,3),(483,'市辖区',43,3),(484,'桥东区',43,3),(485,'桥西区',43,3),(486,'邢台县',43,3),(487,'临城县',43,3),(488,'内丘县',43,3),(489,'柏乡县',43,3),(490,'隆尧县',43,3),(491,'任　县',43,3),(492,'南和县',43,3),(493,'宁晋县',43,3),(494,'巨鹿县',43,3),(495,'新河县',43,3),(496,'广宗县',43,3),(497,'平乡县',43,3),(498,'威　县',43,3),(499,'清河县',43,3),(500,'临西县',43,3),(501,'南宫市',43,3),(502,'沙河市',43,3),(503,'市辖区',44,3),(504,'新市区',44,3),(505,'北市区',44,3),(506,'南市区',44,3),(507,'满城县',44,3),(508,'清苑县',44,3),(509,'涞水县',44,3),(510,'阜平县',44,3),(511,'徐水县',44,3),(512,'定兴县',44,3),(513,'唐　县',44,3),(514,'高阳县',44,3),(515,'容城县',44,3),(516,'涞源县',44,3),(517,'望都县',44,3),(518,'安新县',44,3),(519,'易　县',44,3),(520,'曲阳县',44,3),(521,'蠡　县',44,3),(522,'顺平县',44,3),(523,'博野县',44,3),(524,'雄　县',44,3),(525,'涿州市',44,3),(526,'定州市',44,3),(527,'安国市',44,3),(528,'高碑店市',44,3),(529,'市辖区',45,3),(530,'桥东区',45,3),(531,'桥西区',45,3),(532,'宣化区',45,3),(533,'下花园区',45,3),(534,'宣化县',45,3),(535,'张北县',45,3),(536,'康保县',45,3),(537,'沽源县',45,3),(538,'尚义县',45,3),(539,'蔚　县',45,3),(540,'阳原县',45,3),(541,'怀安县',45,3),(542,'万全县',45,3),(543,'怀来县',45,3),(544,'涿鹿县',45,3),(545,'赤城县',45,3),(546,'崇礼县',45,3),(547,'市辖区',46,3),(548,'双桥区',46,3),(549,'双滦区',46,3),(550,'鹰手营子矿区',46,3),(551,'承德县',46,3),(552,'兴隆县',46,3),(553,'平泉县',46,3),(554,'滦平县',46,3),(555,'隆化县',46,3),(556,'丰宁满族自治县',46,3),(557,'宽城满族自治县',46,3),(558,'围场满族蒙古族自治县',46,3),(559,'市辖区',47,3),(560,'新华区',47,3),(561,'运河区',47,3),(562,'沧　县',47,3),(563,'青　县',47,3),(564,'东光县',47,3),(565,'海兴县',47,3),(566,'盐山县',47,3),(567,'肃宁县',47,3),(568,'南皮县',47,3),(569,'吴桥县',47,3),(570,'献　县',47,3),(571,'孟村回族自治县',47,3),(572,'泊头市',47,3),(573,'任丘市',47,3),(574,'黄骅市',47,3),(575,'河间市',47,3),(576,'市辖区',48,3),(577,'安次区',48,3),(578,'广阳区',48,3),(579,'固安县',48,3),(580,'永清县',48,3),(581,'香河县',48,3),(582,'大城县',48,3),(583,'文安县',48,3),(584,'大厂回族自治县',48,3),(585,'霸州市',48,3),(586,'三河市',48,3),(587,'市辖区',49,3),(588,'桃城区',49,3),(589,'枣强县',49,3),(590,'武邑县',49,3),(591,'武强县',49,3),(592,'饶阳县',49,3),(593,'安平县',49,3),(594,'故城县',49,3),(595,'景　县',49,3),(596,'阜城县',49,3),(597,'冀州市',49,3),(598,'深州市',49,3),(599,'市辖区',50,3),(600,'小店区',50,3),(601,'迎泽区',50,3),(602,'杏花岭区',50,3),(603,'尖草坪区',50,3),(604,'万柏林区',50,3),(605,'晋源区',50,3),(606,'清徐县',50,3),(607,'阳曲县',50,3),(608,'娄烦县',50,3),(609,'古交市',50,3),(610,'市辖区',51,3),(611,'城　区',51,3),(612,'矿　区',51,3),(613,'南郊区',51,3),(614,'新荣区',51,3),(615,'阳高县',51,3),(616,'天镇县',51,3),(617,'广灵县',51,3),(618,'灵丘县',51,3),(619,'浑源县',51,3),(620,'左云县',51,3),(621,'大同县',51,3),(622,'市辖区',52,3),(623,'城　区',52,3),(624,'矿　区',52,3),(625,'郊　区',52,3),(626,'平定县',52,3),(627,'盂　县',52,3),(628,'市辖区',53,3),(629,'城　区',53,3),(630,'郊　区',53,3),(631,'长治县',53,3),(632,'襄垣县',53,3),(633,'屯留县',53,3),(634,'平顺县',53,3),(635,'黎城县',53,3),(636,'壶关县',53,3),(637,'长子县',53,3),(638,'武乡县',53,3),(639,'沁　县',53,3),(640,'沁源县',53,3),(641,'潞城市',53,3),(642,'市辖区',54,3),(643,'城　区',54,3),(644,'沁水县',54,3),(645,'阳城县',54,3),(646,'陵川县',54,3),(647,'泽州县',54,3),(648,'高平市',54,3),(649,'市辖区',55,3),(650,'朔城区',55,3),(651,'平鲁区',55,3),(652,'山阴县',55,3),(653,'应　县',55,3),(654,'右玉县',55,3),(655,'怀仁县',55,3),(656,'市辖区',56,3),(657,'榆次区',56,3),(658,'榆社县',56,3),(659,'左权县',56,3),(660,'和顺县',56,3),(661,'昔阳县',56,3),(662,'寿阳县',56,3),(663,'太谷县',56,3),(664,'祁　县',56,3),(665,'平遥县',56,3),(666,'灵石县',56,3),(667,'介休市',56,3),(668,'市辖区',57,3),(669,'盐湖区',57,3),(670,'临猗县',57,3),(671,'万荣县',57,3),(672,'闻喜县',57,3),(673,'稷山县',57,3),(674,'新绛县',57,3),(675,'绛　县',57,3),(676,'垣曲县',57,3),(677,'夏　县',57,3),(678,'平陆县',57,3),(679,'芮城县',57,3),(680,'永济市',57,3),(681,'河津市',57,3),(682,'市辖区',58,3),(683,'忻府区',58,3),(684,'定襄县',58,3),(685,'五台县',58,3),(686,'代　县',58,3),(687,'繁峙县',58,3),(688,'宁武县',58,3),(689,'静乐县',58,3),(690,'神池县',58,3),(691,'五寨县',58,3),(692,'岢岚县',58,3),(693,'河曲县',58,3),(694,'保德县',58,3),(695,'偏关县',58,3),(696,'原平市',58,3),(697,'市辖区',59,3),(698,'尧都区',59,3),(699,'曲沃县',59,3),(700,'翼城县',59,3),(701,'襄汾县',59,3),(702,'洪洞县',59,3),(703,'古　县',59,3),(704,'安泽县',59,3),(705,'浮山县',59,3),(706,'吉　县',59,3),(707,'乡宁县',59,3),(708,'大宁县',59,3),(709,'隰　县',59,3),(710,'永和县',59,3),(711,'蒲　县',59,3),(712,'汾西县',59,3),(713,'侯马市',59,3),(714,'霍州市',59,3),(715,'市辖区',60,3),(716,'离石区',60,3),(717,'文水县',60,3),(718,'交城县',60,3),(719,'兴　县',60,3),(720,'临　县',60,3),(721,'柳林县',60,3),(722,'石楼县',60,3),(723,'岚　县',60,3),(724,'方山县',60,3),(725,'中阳县',60,3),(726,'交口县',60,3),(727,'孝义市',60,3),(728,'汾阳市',60,3),(729,'市辖区',61,3),(730,'新城区',61,3),(731,'回民区',61,3),(732,'玉泉区',61,3),(733,'赛罕区',61,3),(734,'土默特左旗',61,3),(735,'托克托县',61,3),(736,'和林格尔县',61,3),(737,'清水河县',61,3),(738,'武川县',61,3),(739,'市辖区',62,3),(740,'东河区',62,3),(741,'昆都仑区',62,3),(742,'青山区',62,3),(743,'石拐区',62,3),(744,'白云矿区',62,3),(745,'九原区',62,3),(746,'土默特右旗',62,3),(747,'固阳县',62,3),(748,'达尔罕茂明安联合旗',62,3),(749,'市辖区',63,3),(750,'海勃湾区',63,3),(751,'海南区',63,3),(752,'乌达区',63,3),(753,'市辖区',64,3),(754,'红山区',64,3),(755,'元宝山区',64,3),(756,'松山区',64,3),(757,'阿鲁科尔沁旗',64,3),(758,'巴林左旗',64,3),(759,'巴林右旗',64,3),(760,'林西县',64,3),(761,'克什克腾旗',64,3),(762,'翁牛特旗',64,3),(763,'喀喇沁旗',64,3),(764,'宁城县',64,3),(765,'敖汉旗',64,3),(766,'市辖区',65,3),(767,'科尔沁区',65,3),(768,'科尔沁左翼中旗',65,3),(769,'科尔沁左翼后旗',65,3),(770,'开鲁县',65,3),(771,'库伦旗',65,3),(772,'奈曼旗',65,3),(773,'扎鲁特旗',65,3),(774,'霍林郭勒市',65,3),(775,'东胜区',66,3),(776,'达拉特旗',66,3),(777,'准格尔旗',66,3),(778,'鄂托克前旗',66,3),(779,'鄂托克旗',66,3),(780,'杭锦旗',66,3),(781,'乌审旗',66,3),(782,'伊金霍洛旗',66,3),(783,'市辖区',67,3),(784,'海拉尔区',67,3),(785,'阿荣旗',67,3),(786,'莫力达瓦达斡尔族自治旗',67,3),(787,'鄂伦春自治旗',67,3),(788,'鄂温克族自治旗',67,3),(789,'陈巴尔虎旗',67,3),(790,'新巴尔虎左旗',67,3),(791,'新巴尔虎右旗',67,3),(792,'满洲里市',67,3),(793,'牙克石市',67,3),(794,'扎兰屯市',67,3),(795,'额尔古纳市',67,3),(796,'根河市',67,3),(797,'市辖区',68,3),(798,'临河区',68,3),(799,'五原县',68,3),(800,'磴口县',68,3),(801,'乌拉特前旗',68,3),(802,'乌拉特中旗',68,3),(803,'乌拉特后旗',68,3),(804,'杭锦后旗',68,3),(805,'市辖区',69,3),(806,'集宁区',69,3),(807,'卓资县',69,3),(808,'化德县',69,3),(809,'商都县',69,3),(810,'兴和县',69,3),(811,'凉城县',69,3),(812,'察哈尔右翼前旗',69,3),(813,'察哈尔右翼中旗',69,3),(814,'察哈尔右翼后旗',69,3),(815,'四子王旗',69,3),(816,'丰镇市',69,3),(817,'乌兰浩特市',70,3),(818,'阿尔山市',70,3),(819,'科尔沁右翼前旗',70,3),(820,'科尔沁右翼中旗',70,3),(821,'扎赉特旗',70,3),(822,'突泉县',70,3),(823,'二连浩特市',71,3),(824,'锡林浩特市',71,3),(825,'阿巴嘎旗',71,3),(826,'苏尼特左旗',71,3),(827,'苏尼特右旗',71,3),(828,'东乌珠穆沁旗',71,3),(829,'西乌珠穆沁旗',71,3),(830,'太仆寺旗',71,3),(831,'镶黄旗',71,3),(832,'正镶白旗',71,3),(833,'正蓝旗',71,3),(834,'多伦县',71,3),(835,'阿拉善左旗',72,3),(836,'阿拉善右旗',72,3),(837,'额济纳旗',72,3),(838,'市辖区',73,3),(839,'和平区',73,3),(840,'沈河区',73,3),(841,'大东区',73,3),(842,'皇姑区',73,3),(843,'铁西区',73,3),(844,'苏家屯区',73,3),(845,'东陵区',73,3),(846,'新城子区',73,3),(847,'于洪区',73,3),(848,'辽中县',73,3),(849,'康平县',73,3),(850,'法库县',73,3),(851,'新民市',73,3),(852,'市辖区',74,3),(853,'中山区',74,3),(854,'西岗区',74,3),(855,'沙河口区',74,3),(856,'甘井子区',74,3),(857,'旅顺口区',74,3),(858,'金州区',74,3),(859,'长海县',74,3),(860,'瓦房店市',74,3),(861,'普兰店市',74,3),(862,'庄河市',74,3),(863,'市辖区',75,3),(864,'铁东区',75,3),(865,'铁西区',75,3),(866,'立山区',75,3),(867,'千山区',75,3),(868,'台安县',75,3),(869,'岫岩满族自治县',75,3),(870,'海城市',75,3),(871,'市辖区',76,3),(872,'新抚区',76,3),(873,'东洲区',76,3),(874,'望花区',76,3),(875,'顺城区',76,3),(876,'抚顺县',76,3),(877,'新宾满族自治县',76,3),(878,'清原满族自治县',76,3),(879,'市辖区',77,3),(880,'平山区',77,3),(881,'溪湖区',77,3),(882,'明山区',77,3),(883,'南芬区',77,3),(884,'本溪满族自治县',77,3),(885,'桓仁满族自治县',77,3),(886,'市辖区',78,3),(887,'元宝区',78,3),(888,'振兴区',78,3),(889,'振安区',78,3),(890,'宽甸满族自治县',78,3),(891,'东港市',78,3),(892,'凤城市',78,3),(893,'市辖区',79,3),(894,'古塔区',79,3),(895,'凌河区',79,3),(896,'太和区',79,3),(897,'黑山县',79,3),(898,'义　县',79,3),(899,'凌海市',79,3),(900,'北宁市',79,3),(901,'市辖区',80,3),(902,'站前区',80,3),(903,'西市区',80,3),(904,'鲅鱼圈区',80,3),(905,'老边区',80,3),(906,'盖州市',80,3),(907,'大石桥市',80,3),(908,'市辖区',81,3),(909,'海州区',81,3),(910,'新邱区',81,3),(911,'太平区',81,3),(912,'清河门区',81,3),(913,'细河区',81,3),(914,'阜新蒙古族自治县',81,3),(915,'彰武县',81,3),(916,'市辖区',82,3),(917,'白塔区',82,3),(918,'文圣区',82,3),(919,'宏伟区',82,3),(920,'弓长岭区',82,3),(921,'太子河区',82,3),(922,'辽阳县',82,3),(923,'灯塔市',82,3),(924,'市辖区',83,3),(925,'双台子区',83,3),(926,'兴隆台区',83,3),(927,'大洼县',83,3),(928,'盘山县',83,3),(929,'市辖区',84,3),(930,'银州区',84,3),(931,'清河区',84,3),(932,'铁岭县',84,3),(933,'西丰县',84,3),(934,'昌图县',84,3),(935,'调兵山市',84,3),(936,'开原市',84,3),(937,'市辖区',85,3),(938,'双塔区',85,3),(939,'龙城区',85,3),(940,'朝阳县',85,3),(941,'建平县',85,3),(942,'喀喇沁左翼蒙古族自治县',85,3),(943,'北票市',85,3),(944,'凌源市',85,3),(945,'市辖区',86,3),(946,'连山区',86,3),(947,'龙港区',86,3),(948,'南票区',86,3),(949,'绥中县',86,3),(950,'建昌县',86,3),(951,'兴城市',86,3),(952,'市辖区',87,3),(953,'南关区',87,3),(954,'宽城区',87,3),(955,'朝阳区',87,3),(956,'二道区',87,3),(957,'绿园区',87,3),(958,'双阳区',87,3),(959,'农安县',87,3),(960,'九台市',87,3),(961,'榆树市',87,3),(962,'德惠市',87,3),(963,'市辖区',88,3),(964,'昌邑区',88,3),(965,'龙潭区',88,3),(966,'船营区',88,3),(967,'丰满区',88,3),(968,'永吉县',88,3),(969,'蛟河市',88,3),(970,'桦甸市',88,3),(971,'舒兰市',88,3),(972,'磐石市',88,3),(973,'市辖区',89,3),(974,'铁西区',89,3),(975,'铁东区',89,3),(976,'梨树县',89,3),(977,'伊通满族自治县',89,3),(978,'公主岭市',89,3),(979,'双辽市',89,3),(980,'市辖区',90,3),(981,'龙山区',90,3),(982,'西安区',90,3),(983,'东丰县',90,3),(984,'东辽县',90,3),(985,'市辖区',91,3),(986,'东昌区',91,3),(987,'二道江区',91,3),(988,'通化县',91,3),(989,'辉南县',91,3),(990,'柳河县',91,3),(991,'梅河口市',91,3),(992,'集安市',91,3),(993,'市辖区',92,3),(994,'八道江区',92,3),(995,'抚松县',92,3),(996,'靖宇县',92,3),(997,'长白朝鲜族自治县',92,3),(998,'江源县',92,3),(999,'临江市',92,3),(1000,'市辖区',93,3),(1001,'宁江区',93,3),(1002,'前郭尔罗斯蒙古族自治县',93,3),(1003,'长岭县',93,3),(1004,'乾安县',93,3),(1005,'扶余县',93,3),(1006,'市辖区',94,3),(1007,'洮北区',94,3),(1008,'镇赉县',94,3),(1009,'通榆县',94,3),(1010,'洮南市',94,3),(1011,'大安市',94,3),(1012,'延吉市',95,3),(1013,'图们市',95,3),(1014,'敦化市',95,3),(1015,'珲春市',95,3),(1016,'龙井市',95,3),(1017,'和龙市',95,3),(1018,'汪清县',95,3),(1019,'安图县',95,3),(1020,'市辖区',96,3),(1021,'道里区',96,3),(1022,'南岗区',96,3),(1023,'道外区',96,3),(1024,'香坊区',96,3),(1025,'动力区',96,3),(1026,'平房区',96,3),(1027,'松北区',96,3),(1028,'呼兰区',96,3),(1029,'依兰县',96,3),(1030,'方正县',96,3),(1031,'宾　县',96,3),(1032,'巴彦县',96,3),(1033,'木兰县',96,3),(1034,'通河县',96,3),(1035,'延寿县',96,3),(1036,'阿城市',96,3),(1037,'双城市',96,3),(1038,'尚志市',96,3),(1039,'五常市',96,3),(1040,'市辖区',97,3),(1041,'龙沙区',97,3),(1042,'建华区',97,3),(1043,'铁锋区',97,3),(1044,'昂昂溪区',97,3),(1045,'富拉尔基区',97,3),(1046,'碾子山区',97,3),(1047,'梅里斯达斡尔族区',97,3),(1048,'龙江县',97,3),(1049,'依安县',97,3),(1050,'泰来县',97,3),(1051,'甘南县',97,3),(1052,'富裕县',97,3),(1053,'克山县',97,3),(1054,'克东县',97,3),(1055,'拜泉县',97,3),(1056,'讷河市',97,3),(1057,'市辖区',98,3),(1058,'鸡冠区',98,3),(1059,'恒山区',98,3),(1060,'滴道区',98,3),(1061,'梨树区',98,3),(1062,'城子河区',98,3),(1063,'麻山区',98,3),(1064,'鸡东县',98,3),(1065,'虎林市',98,3),(1066,'密山市',98,3),(1067,'市辖区',99,3),(1068,'向阳区',99,3),(1069,'工农区',99,3),(1070,'南山区',99,3),(1071,'兴安区',99,3),(1072,'东山区',99,3),(1073,'兴山区',99,3),(1074,'萝北县',99,3),(1075,'绥滨县',99,3),(1076,'市辖区',100,3),(1077,'尖山区',100,3),(1078,'岭东区',100,3),(1079,'四方台区',100,3),(1080,'宝山区',100,3),(1081,'集贤县',100,3),(1082,'友谊县',100,3),(1083,'宝清县',100,3),(1084,'饶河县',100,3),(1085,'市辖区',101,3),(1086,'萨尔图区',101,3),(1087,'龙凤区',101,3),(1088,'让胡路区',101,3),(1089,'红岗区',101,3),(1090,'大同区',101,3),(1091,'肇州县',101,3),(1092,'肇源县',101,3),(1093,'林甸县',101,3),(1094,'杜尔伯特蒙古族自治县',101,3),(1095,'市辖区',102,3),(1096,'伊春区',102,3),(1097,'南岔区',102,3),(1098,'友好区',102,3),(1099,'西林区',102,3),(1100,'翠峦区',102,3),(1101,'新青区',102,3),(1102,'美溪区',102,3),(1103,'金山屯区',102,3),(1104,'五营区',102,3),(1105,'乌马河区',102,3),(1106,'汤旺河区',102,3),(1107,'带岭区',102,3),(1108,'乌伊岭区',102,3),(1109,'红星区',102,3),(1110,'上甘岭区',102,3),(1111,'嘉荫县',102,3),(1112,'铁力市',102,3),(1113,'市辖区',103,3),(1114,'永红区',103,3),(1115,'向阳区',103,3),(1116,'前进区',103,3),(1117,'东风区',103,3),(1118,'郊　区',103,3),(1119,'桦南县',103,3),(1120,'桦川县',103,3),(1121,'汤原县',103,3),(1122,'抚远县',103,3),(1123,'同江市',103,3),(1124,'富锦市',103,3),(1125,'市辖区',104,3),(1126,'新兴区',104,3),(1127,'桃山区',104,3),(1128,'茄子河区',104,3),(1129,'勃利县',104,3),(1130,'市辖区',105,3),(1131,'东安区',105,3),(1132,'阳明区',105,3),(1133,'爱民区',105,3),(1134,'西安区',105,3),(1135,'东宁县',105,3),(1136,'林口县',105,3),(1137,'绥芬河市',105,3),(1138,'海林市',105,3),(1139,'宁安市',105,3),(1140,'穆棱市',105,3),(1141,'市辖区',106,3),(1142,'爱辉区',106,3),(1143,'嫩江县',106,3),(1144,'逊克县',106,3),(1145,'孙吴县',106,3),(1146,'北安市',106,3),(1147,'五大连池市',106,3),(1148,'市辖区',107,3),(1149,'北林区',107,3),(1150,'望奎县',107,3),(1151,'兰西县',107,3),(1152,'青冈县',107,3),(1153,'庆安县',107,3),(1154,'明水县',107,3),(1155,'绥棱县',107,3),(1156,'安达市',107,3),(1157,'肇东市',107,3),(1158,'海伦市',107,3),(1159,'呼玛县',108,3),(1160,'塔河县',108,3),(1161,'漠河县',108,3),(1162,'黄浦区',109,3),(1163,'卢湾区',109,3),(1164,'徐汇区',109,3),(1165,'长宁区',109,3),(1166,'静安区',109,3),(1167,'普陀区',109,3),(1168,'闸北区',109,3),(1169,'虹口区',109,3),(1170,'杨浦区',109,3),(1171,'闵行区',109,3),(1172,'宝山区',109,3),(1173,'嘉定区',109,3),(1174,'浦东新区',109,3),(1175,'金山区',109,3),(1176,'松江区',109,3),(1177,'青浦区',109,3),(1178,'南汇区',109,3),(1179,'奉贤区',109,3),(1180,'崇明县',110,3),(1181,'市辖区',111,3),(1182,'玄武区',111,3),(1183,'白下区',111,3),(1184,'秦淮区',111,3),(1185,'建邺区',111,3),(1186,'鼓楼区',111,3),(1187,'下关区',111,3),(1188,'浦口区',111,3),(1189,'栖霞区',111,3),(1190,'雨花台区',111,3),(1191,'江宁区',111,3),(1192,'六合区',111,3),(1193,'溧水县',111,3),(1194,'高淳县',111,3),(1195,'市辖区',112,3),(1196,'崇安区',112,3),(1197,'南长区',112,3),(1198,'北塘区',112,3),(1199,'锡山区',112,3),(1200,'惠山区',112,3),(1201,'滨湖区',112,3),(1202,'江阴市',112,3),(1203,'宜兴市',112,3),(1204,'市辖区',113,3),(1205,'鼓楼区',113,3),(1206,'云龙区',113,3),(1207,'九里区',113,3),(1208,'贾汪区',113,3),(1209,'泉山区',113,3),(1210,'丰　县',113,3),(1211,'沛　县',113,3),(1212,'铜山县',113,3),(1213,'睢宁县',113,3),(1214,'新沂市',113,3),(1215,'邳州市',113,3),(1216,'市辖区',114,3),(1217,'天宁区',114,3),(1218,'钟楼区',114,3),(1219,'戚墅堰区',114,3),(1220,'新北区',114,3),(1221,'武进区',114,3),(1222,'溧阳市',114,3),(1223,'金坛市',114,3),(1224,'市辖区',115,3),(1225,'沧浪区',115,3),(1226,'平江区',115,3),(1227,'金阊区',115,3),(1228,'虎丘区',115,3),(1229,'吴中区',115,3),(1230,'相城区',115,3),(1231,'常熟市',115,3),(1232,'张家港市',115,3),(1233,'昆山市',115,3),(1234,'吴江市',115,3),(1235,'太仓市',115,3),(1236,'市辖区',116,3),(1237,'崇川区',116,3),(1238,'港闸区',116,3),(1239,'海安县',116,3),(1240,'如东县',116,3),(1241,'启东市',116,3),(1242,'如皋市',116,3),(1243,'通州市',116,3),(1244,'海门市',116,3),(1245,'市辖区',117,3),(1246,'连云区',117,3),(1247,'新浦区',117,3),(1248,'海州区',117,3),(1249,'赣榆县',117,3),(1250,'东海县',117,3),(1251,'灌云县',117,3),(1252,'灌南县',117,3),(1253,'市辖区',118,3),(1254,'清河区',118,3),(1255,'楚州区',118,3),(1256,'淮阴区',118,3),(1257,'清浦区',118,3),(1258,'涟水县',118,3),(1259,'洪泽县',118,3),(1260,'盱眙县',118,3),(1261,'金湖县',118,3),(1262,'市辖区',119,3),(1263,'亭湖区',119,3),(1264,'盐都区',119,3),(1265,'响水县',119,3),(1266,'滨海县',119,3),(1267,'阜宁县',119,3),(1268,'射阳县',119,3),(1269,'建湖县',119,3),(1270,'东台市',119,3),(1271,'大丰市',119,3),(1272,'市辖区',120,3),(1273,'广陵区',120,3),(1274,'邗江区',120,3),(1275,'郊　区',120,3),(1276,'宝应县',120,3),(1277,'仪征市',120,3),(1278,'高邮市',120,3),(1279,'江都市',120,3),(1280,'市辖区',121,3),(1281,'京口区',121,3),(1282,'润州区',121,3),(1283,'丹徒区',121,3),(1284,'丹阳市',121,3),(1285,'扬中市',121,3),(1286,'句容市',121,3),(1287,'市辖区',122,3),(1288,'海陵区',122,3),(1289,'高港区',122,3),(1290,'兴化市',122,3),(1291,'靖江市',122,3),(1292,'泰兴市',122,3),(1293,'姜堰市',122,3),(1294,'市辖区',123,3),(1295,'宿城区',123,3),(1296,'宿豫区',123,3),(1297,'沭阳县',123,3),(1298,'泗阳县',123,3),(1299,'泗洪县',123,3),(1300,'市辖区',124,3),(1301,'上城区',124,3),(1302,'下城区',124,3),(1303,'江干区',124,3),(1304,'拱墅区',124,3),(1305,'西湖区',124,3),(1306,'滨江区',124,3),(1307,'萧山区',124,3),(1308,'余杭区',124,3),(1309,'桐庐县',124,3),(1310,'淳安县',124,3),(1311,'建德市',124,3),(1312,'富阳市',124,3),(1313,'临安市',124,3),(1314,'市辖区',125,3),(1315,'海曙区',125,3),(1316,'江东区',125,3),(1317,'江北区',125,3),(1318,'北仑区',125,3),(1319,'镇海区',125,3),(1320,'鄞州区',125,3),(1321,'象山县',125,3),(1322,'宁海县',125,3),(1323,'余姚市',125,3),(1324,'慈溪市',125,3),(1325,'奉化市',125,3),(1326,'市辖区',126,3),(1327,'鹿城区',126,3),(1328,'龙湾区',126,3),(1329,'瓯海区',126,3),(1330,'洞头县',126,3),(1331,'永嘉县',126,3),(1332,'平阳县',126,3),(1333,'苍南县',126,3),(1334,'文成县',126,3),(1335,'泰顺县',126,3),(1336,'瑞安市',126,3),(1337,'乐清市',126,3),(1338,'市辖区',127,3),(1339,'秀城区',127,3),(1340,'秀洲区',127,3),(1341,'嘉善县',127,3),(1342,'海盐县',127,3),(1343,'海宁市',127,3),(1344,'平湖市',127,3),(1345,'桐乡市',127,3),(1346,'市辖区',128,3),(1347,'吴兴区',128,3),(1348,'南浔区',128,3),(1349,'德清县',128,3),(1350,'长兴县',128,3),(1351,'安吉县',128,3),(1352,'市辖区',129,3),(1353,'越城区',129,3),(1354,'绍兴县',129,3),(1355,'新昌县',129,3),(1356,'诸暨市',129,3),(1357,'上虞市',129,3),(1358,'嵊州市',129,3),(1359,'市辖区',130,3),(1360,'婺城区',130,3),(1361,'金东区',130,3),(1362,'武义县',130,3),(1363,'浦江县',130,3),(1364,'磐安县',130,3),(1365,'兰溪市',130,3),(1366,'义乌市',130,3),(1367,'东阳市',130,3),(1368,'永康市',130,3),(1369,'市辖区',131,3),(1370,'柯城区',131,3),(1371,'衢江区',131,3),(1372,'常山县',131,3),(1373,'开化县',131,3),(1374,'龙游县',131,3),(1375,'江山市',131,3),(1376,'市辖区',132,3),(1377,'定海区',132,3),(1378,'普陀区',132,3),(1379,'岱山县',132,3),(1380,'嵊泗县',132,3),(1381,'市辖区',133,3),(1382,'椒江区',133,3),(1383,'黄岩区',133,3),(1384,'路桥区',133,3),(1385,'玉环县',133,3),(1386,'三门县',133,3),(1387,'天台县',133,3),(1388,'仙居县',133,3),(1389,'温岭市',133,3),(1390,'临海市',133,3),(1391,'市辖区',134,3),(1392,'莲都区',134,3),(1393,'青田县',134,3),(1394,'缙云县',134,3),(1395,'遂昌县',134,3),(1396,'松阳县',134,3),(1397,'云和县',134,3),(1398,'庆元县',134,3),(1399,'景宁畲族自治县',134,3),(1400,'龙泉市',134,3),(1401,'市辖区',135,3),(1402,'瑶海区',135,3),(1403,'庐阳区',135,3),(1404,'蜀山区',135,3),(1405,'包河区',135,3),(1406,'长丰县',135,3),(1407,'肥东县',135,3),(1408,'肥西县',135,3),(1409,'市辖区',136,3),(1410,'镜湖区',136,3),(1411,'马塘区',136,3),(1412,'新芜区',136,3),(1413,'鸠江区',136,3),(1414,'芜湖县',136,3),(1415,'繁昌县',136,3),(1416,'南陵县',136,3),(1417,'市辖区',137,3),(1418,'龙子湖区',137,3),(1419,'蚌山区',137,3),(1420,'禹会区',137,3),(1421,'淮上区',137,3),(1422,'怀远县',137,3),(1423,'五河县',137,3),(1424,'固镇县',137,3),(1425,'市辖区',138,3),(1426,'大通区',138,3),(1427,'田家庵区',138,3),(1428,'谢家集区',138,3),(1429,'八公山区',138,3),(1430,'潘集区',138,3),(1431,'凤台县',138,3),(1432,'市辖区',139,3),(1433,'金家庄区',139,3),(1434,'花山区',139,3),(1435,'雨山区',139,3),(1436,'当涂县',139,3),(1437,'市辖区',140,3),(1438,'杜集区',140,3),(1439,'相山区',140,3),(1440,'烈山区',140,3),(1441,'濉溪县',140,3),(1442,'市辖区',141,3),(1443,'铜官山区',141,3),(1444,'狮子山区',141,3),(1445,'郊　区',141,3),(1446,'铜陵县',141,3),(1447,'市辖区',142,3),(1448,'迎江区',142,3),(1449,'大观区',142,3),(1450,'郊　区',142,3),(1451,'怀宁县',142,3),(1452,'枞阳县',142,3),(1453,'潜山县',142,3),(1454,'太湖县',142,3),(1455,'宿松县',142,3),(1456,'望江县',142,3),(1457,'岳西县',142,3),(1458,'桐城市',142,3),(1459,'市辖区',143,3),(1460,'屯溪区',143,3),(1461,'黄山区',143,3),(1462,'徽州区',143,3),(1463,'歙　县',143,3),(1464,'休宁县',143,3),(1465,'黟　县',143,3),(1466,'祁门县',143,3),(1467,'市辖区',144,3),(1468,'琅琊区',144,3),(1469,'南谯区',144,3),(1470,'来安县',144,3),(1471,'全椒县',144,3),(1472,'定远县',144,3),(1473,'凤阳县',144,3),(1474,'天长市',144,3),(1475,'明光市',144,3),(1476,'市辖区',145,3),(1477,'颍州区',145,3),(1478,'颍东区',145,3),(1479,'颍泉区',145,3),(1480,'临泉县',145,3),(1481,'太和县',145,3),(1482,'阜南县',145,3),(1483,'颍上县',145,3),(1484,'界首市',145,3),(1485,'市辖区',146,3),(1486,'墉桥区',146,3),(1487,'砀山县',146,3),(1488,'萧　县',146,3),(1489,'灵璧县',146,3),(1490,'泗　县',146,3),(1491,'市辖区',147,3),(1492,'居巢区',147,3),(1493,'庐江县',147,3),(1494,'无为县',147,3),(1495,'含山县',147,3),(1496,'和　县',147,3),(1497,'市辖区',148,3),(1498,'金安区',148,3),(1499,'裕安区',148,3),(1500,'寿　县',148,3),(1501,'霍邱县',148,3),(1502,'舒城县',148,3),(1503,'金寨县',148,3),(1504,'霍山县',148,3),(1505,'市辖区',149,3),(1506,'谯城区',149,3),(1507,'涡阳县',149,3),(1508,'蒙城县',149,3),(1509,'利辛县',149,3),(1510,'市辖区',150,3),(1511,'贵池区',150,3),(1512,'东至县',150,3),(1513,'石台县',150,3),(1514,'青阳县',150,3),(1515,'市辖区',151,3),(1516,'宣州区',151,3),(1517,'郎溪县',151,3),(1518,'广德县',151,3),(1519,'泾　县',151,3),(1520,'绩溪县',151,3),(1521,'旌德县',151,3),(1522,'宁国市',151,3),(1523,'市辖区',152,3),(1524,'鼓楼区',152,3),(1525,'台江区',152,3),(1526,'仓山区',152,3),(1527,'马尾区',152,3),(1528,'晋安区',152,3),(1529,'闽侯县',152,3),(1530,'连江县',152,3),(1531,'罗源县',152,3),(1532,'闽清县',152,3),(1533,'永泰县',152,3),(1534,'平潭县',152,3),(1535,'福清市',152,3),(1536,'长乐市',152,3),(1537,'市辖区',153,3),(1538,'思明区',153,3),(1539,'海沧区',153,3),(1540,'湖里区',153,3),(1541,'集美区',153,3),(1542,'同安区',153,3),(1543,'翔安区',153,3),(1544,'市辖区',154,3),(1545,'城厢区',154,3),(1546,'涵江区',154,3),(1547,'荔城区',154,3),(1548,'秀屿区',154,3),(1549,'仙游县',154,3),(1550,'市辖区',155,3),(1551,'梅列区',155,3),(1552,'三元区',155,3),(1553,'明溪县',155,3),(1554,'清流县',155,3),(1555,'宁化县',155,3),(1556,'大田县',155,3),(1557,'尤溪县',155,3),(1558,'沙　县',155,3),(1559,'将乐县',155,3),(1560,'泰宁县',155,3),(1561,'建宁县',155,3),(1562,'永安市',155,3),(1563,'市辖区',156,3),(1564,'鲤城区',156,3),(1565,'丰泽区',156,3),(1566,'洛江区',156,3),(1567,'泉港区',156,3),(1568,'惠安县',156,3),(1569,'安溪县',156,3),(1570,'永春县',156,3),(1571,'德化县',156,3),(1572,'金门县',156,3),(1573,'石狮市',156,3),(1574,'晋江市',156,3),(1575,'南安市',156,3),(1576,'市辖区',157,3),(1577,'芗城区',157,3),(1578,'龙文区',157,3),(1579,'云霄县',157,3),(1580,'漳浦县',157,3),(1581,'诏安县',157,3),(1582,'长泰县',157,3),(1583,'东山县',157,3),(1584,'南靖县',157,3),(1585,'平和县',157,3),(1586,'华安县',157,3),(1587,'龙海市',157,3),(1588,'市辖区',158,3),(1589,'延平区',158,3),(1590,'顺昌县',158,3),(1591,'浦城县',158,3),(1592,'光泽县',158,3),(1593,'松溪县',158,3),(1594,'政和县',158,3),(1595,'邵武市',158,3),(1596,'武夷山市',158,3),(1597,'建瓯市',158,3),(1598,'建阳市',158,3),(1599,'市辖区',159,3),(1600,'新罗区',159,3),(1601,'长汀县',159,3),(1602,'永定县',159,3),(1603,'上杭县',159,3),(1604,'武平县',159,3),(1605,'连城县',159,3),(1606,'漳平市',159,3),(1607,'市辖区',160,3),(1608,'蕉城区',160,3),(1609,'霞浦县',160,3),(1610,'古田县',160,3),(1611,'屏南县',160,3),(1612,'寿宁县',160,3),(1613,'周宁县',160,3),(1614,'柘荣县',160,3),(1615,'福安市',160,3),(1616,'福鼎市',160,3),(1617,'市辖区',161,3),(1618,'东湖区',161,3),(1619,'西湖区',161,3),(1620,'青云谱区',161,3),(1621,'湾里区',161,3),(1622,'青山湖区',161,3),(1623,'南昌县',161,3),(1624,'新建县',161,3),(1625,'安义县',161,3),(1626,'进贤县',161,3),(1627,'市辖区',162,3),(1628,'昌江区',162,3),(1629,'珠山区',162,3),(1630,'浮梁县',162,3),(1631,'乐平市',162,3),(1632,'市辖区',163,3),(1633,'安源区',163,3),(1634,'湘东区',163,3),(1635,'莲花县',163,3),(1636,'上栗县',163,3),(1637,'芦溪县',163,3),(1638,'市辖区',164,3),(1639,'庐山区',164,3),(1640,'浔阳区',164,3),(1641,'九江县',164,3),(1642,'武宁县',164,3),(1643,'修水县',164,3),(1644,'永修县',164,3),(1645,'德安县',164,3),(1646,'星子县',164,3),(1647,'都昌县',164,3),(1648,'湖口县',164,3),(1649,'彭泽县',164,3),(1650,'瑞昌市',164,3),(1651,'市辖区',165,3),(1652,'渝水区',165,3),(1653,'分宜县',165,3),(1654,'市辖区',166,3),(1655,'月湖区',166,3),(1656,'余江县',166,3),(1657,'贵溪市',166,3),(1658,'市辖区',167,3),(1659,'章贡区',167,3),(1660,'赣　县',167,3),(1661,'信丰县',167,3),(1662,'大余县',167,3),(1663,'上犹县',167,3),(1664,'崇义县',167,3),(1665,'安远县',167,3),(1666,'龙南县',167,3),(1667,'定南县',167,3),(1668,'全南县',167,3),(1669,'宁都县',167,3),(1670,'于都县',167,3),(1671,'兴国县',167,3),(1672,'会昌县',167,3),(1673,'寻乌县',167,3),(1674,'石城县',167,3),(1675,'瑞金市',167,3),(1676,'南康市',167,3),(1677,'市辖区',168,3),(1678,'吉州区',168,3),(1679,'青原区',168,3),(1680,'吉安县',168,3),(1681,'吉水县',168,3),(1682,'峡江县',168,3),(1683,'新干县',168,3),(1684,'永丰县',168,3),(1685,'泰和县',168,3),(1686,'遂川县',168,3),(1687,'万安县',168,3),(1688,'安福县',168,3),(1689,'永新县',168,3),(1690,'井冈山市',168,3),(1691,'市辖区',169,3),(1692,'袁州区',169,3),(1693,'奉新县',169,3),(1694,'万载县',169,3),(1695,'上高县',169,3),(1696,'宜丰县',169,3),(1697,'靖安县',169,3),(1698,'铜鼓县',169,3),(1699,'丰城市',169,3),(1700,'樟树市',169,3),(1701,'高安市',169,3),(1702,'市辖区',170,3),(1703,'临川区',170,3),(1704,'南城县',170,3),(1705,'黎川县',170,3),(1706,'南丰县',170,3),(1707,'崇仁县',170,3),(1708,'乐安县',170,3),(1709,'宜黄县',170,3),(1710,'金溪县',170,3),(1711,'资溪县',170,3),(1712,'东乡县',170,3),(1713,'广昌县',170,3),(1714,'市辖区',171,3),(1715,'信州区',171,3),(1716,'上饶县',171,3),(1717,'广丰县',171,3),(1718,'玉山县',171,3),(1719,'铅山县',171,3),(1720,'横峰县',171,3),(1721,'弋阳县',171,3),(1722,'余干县',171,3),(1723,'鄱阳县',171,3),(1724,'万年县',171,3),(1725,'婺源县',171,3),(1726,'德兴市',171,3),(1727,'市辖区',172,3),(1728,'历下区',172,3),(1729,'市中区',172,3),(1730,'槐荫区',172,3),(1731,'天桥区',172,3),(1732,'历城区',172,3),(1733,'长清区',172,3),(1734,'平阴县',172,3),(1735,'济阳县',172,3),(1736,'商河县',172,3),(1737,'章丘市',172,3),(1738,'市辖区',173,3),(1739,'市南区',173,3),(1740,'市北区',173,3),(1741,'四方区',173,3),(1742,'黄岛区',173,3),(1743,'崂山区',173,3),(1744,'李沧区',173,3),(1745,'城阳区',173,3),(1746,'胶州市',173,3),(1747,'即墨市',173,3),(1748,'平度市',173,3),(1749,'胶南市',173,3),(1750,'莱西市',173,3),(1751,'市辖区',174,3),(1752,'淄川区',174,3),(1753,'张店区',174,3),(1754,'博山区',174,3),(1755,'临淄区',174,3),(1756,'周村区',174,3),(1757,'桓台县',174,3),(1758,'高青县',174,3),(1759,'沂源县',174,3),(1760,'市辖区',175,3),(1761,'市中区',175,3),(1762,'薛城区',175,3),(1763,'峄城区',175,3),(1764,'台儿庄区',175,3),(1765,'山亭区',175,3),(1766,'滕州市',175,3),(1767,'市辖区',176,3),(1768,'东营区',176,3),(1769,'河口区',176,3),(1770,'垦利县',176,3),(1771,'利津县',176,3),(1772,'广饶县',176,3),(1773,'市辖区',177,3),(1774,'芝罘区',177,3),(1775,'福山区',177,3),(1776,'牟平区',177,3),(1777,'莱山区',177,3),(1778,'长岛县',177,3),(1779,'龙口市',177,3),(1780,'莱阳市',177,3),(1781,'莱州市',177,3),(1782,'蓬莱市',177,3),(1783,'招远市',177,3),(1784,'栖霞市',177,3),(1785,'海阳市',177,3),(1786,'市辖区',178,3),(1787,'潍城区',178,3),(1788,'寒亭区',178,3),(1789,'坊子区',178,3),(1790,'奎文区',178,3),(1791,'临朐县',178,3),(1792,'昌乐县',178,3),(1793,'青州市',178,3),(1794,'诸城市',178,3),(1795,'寿光市',178,3),(1796,'安丘市',178,3),(1797,'高密市',178,3),(1798,'昌邑市',178,3),(1799,'市辖区',179,3),(1800,'市中区',179,3),(1801,'任城区',179,3),(1802,'微山县',179,3),(1803,'鱼台县',179,3),(1804,'金乡县',179,3),(1805,'嘉祥县',179,3),(1806,'汶上县',179,3),(1807,'泗水县',179,3),(1808,'梁山县',179,3),(1809,'曲阜市',179,3),(1810,'兖州市',179,3),(1811,'邹城市',179,3),(1812,'市辖区',180,3),(1813,'泰山区',180,3),(1814,'岱岳区',180,3),(1815,'宁阳县',180,3),(1816,'东平县',180,3),(1817,'新泰市',180,3),(1818,'肥城市',180,3),(1819,'市辖区',181,3),(1820,'环翠区',181,3),(1821,'文登市',181,3),(1822,'荣成市',181,3),(1823,'乳山市',181,3),(1824,'市辖区',182,3),(1825,'东港区',182,3),(1826,'岚山区',182,3),(1827,'五莲县',182,3),(1828,'莒　县',182,3),(1829,'市辖区',183,3),(1830,'莱城区',183,3),(1831,'钢城区',183,3),(1832,'市辖区',184,3),(1833,'兰山区',184,3),(1834,'罗庄区',184,3),(1835,'河东区',184,3),(1836,'沂南县',184,3),(1837,'郯城县',184,3),(1838,'沂水县',184,3),(1839,'苍山县',184,3),(1840,'费　县',184,3),(1841,'平邑县',184,3),(1842,'莒南县',184,3),(1843,'蒙阴县',184,3),(1844,'临沭县',184,3),(1845,'市辖区',185,3),(1846,'德城区',185,3),(1847,'陵　县',185,3),(1848,'宁津县',185,3),(1849,'庆云县',185,3),(1850,'临邑县',185,3),(1851,'齐河县',185,3),(1852,'平原县',185,3),(1853,'夏津县',185,3),(1854,'武城县',185,3),(1855,'乐陵市',185,3),(1856,'禹城市',185,3),(1857,'市辖区',186,3),(1858,'东昌府区',186,3),(1859,'阳谷县',186,3),(1860,'莘　县',186,3),(1861,'茌平县',186,3),(1862,'东阿县',186,3),(1863,'冠　县',186,3),(1864,'高唐县',186,3),(1865,'临清市',186,3),(1866,'市辖区',187,3),(1867,'滨城区',187,3),(1868,'惠民县',187,3),(1869,'阳信县',187,3),(1870,'无棣县',187,3),(1871,'沾化县',187,3),(1872,'博兴县',187,3),(1873,'邹平县',187,3),(1874,'市辖区',188,3),(1875,'牡丹区',188,3),(1876,'曹　县',188,3),(1877,'单　县',188,3),(1878,'成武县',188,3),(1879,'巨野县',188,3),(1880,'郓城县',188,3),(1881,'鄄城县',188,3),(1882,'定陶县',188,3),(1883,'东明县',188,3),(1884,'市辖区',189,3),(1885,'中原区',189,3),(1886,'二七区',189,3),(1887,'管城回族区',189,3),(1888,'金水区',189,3),(1889,'上街区',189,3),(1890,'邙山区',189,3),(1891,'中牟县',189,3),(1892,'巩义市',189,3),(1893,'荥阳市',189,3),(1894,'新密市',189,3),(1895,'新郑市',189,3),(1896,'登封市',189,3),(1897,'市辖区',190,3),(1898,'龙亭区',190,3),(1899,'顺河回族区',190,3),(1900,'鼓楼区',190,3),(1901,'南关区',190,3),(1902,'郊　区',190,3),(1903,'杞　县',190,3),(1904,'通许县',190,3),(1905,'尉氏县',190,3),(1906,'开封县',190,3),(1907,'兰考县',190,3),(1908,'市辖区',191,3),(1909,'老城区',191,3),(1910,'西工区',191,3),(1911,'廛河回族区',191,3),(1912,'涧西区',191,3),(1913,'吉利区',191,3),(1914,'洛龙区',191,3),(1915,'孟津县',191,3),(1916,'新安县',191,3),(1917,'栾川县',191,3),(1918,'嵩　县',191,3),(1919,'汝阳县',191,3),(1920,'宜阳县',191,3),(1921,'洛宁县',191,3),(1922,'伊川县',191,3),(1923,'偃师市',191,3),(1924,'市辖区',192,3),(1925,'新华区',192,3),(1926,'卫东区',192,3),(1927,'石龙区',192,3),(1928,'湛河区',192,3),(1929,'宝丰县',192,3),(1930,'叶　县',192,3),(1931,'鲁山县',192,3),(1932,'郏　县',192,3),(1933,'舞钢市',192,3),(1934,'汝州市',192,3),(1935,'市辖区',193,3),(1936,'文峰区',193,3),(1937,'北关区',193,3),(1938,'殷都区',193,3),(1939,'龙安区',193,3),(1940,'安阳县',193,3),(1941,'汤阴县',193,3),(1942,'滑　县',193,3),(1943,'内黄县',193,3),(1944,'林州市',193,3),(1945,'市辖区',194,3),(1946,'鹤山区',194,3),(1947,'山城区',194,3),(1948,'淇滨区',194,3),(1949,'浚　县',194,3),(1950,'淇　县',194,3),(1951,'市辖区',195,3),(1952,'红旗区',195,3),(1953,'卫滨区',195,3),(1954,'凤泉区',195,3),(1955,'牧野区',195,3),(1956,'新乡县',195,3),(1957,'获嘉县',195,3),(1958,'原阳县',195,3),(1959,'延津县',195,3),(1960,'封丘县',195,3),(1961,'长垣县',195,3),(1962,'卫辉市',195,3),(1963,'辉县市',195,3),(1964,'市辖区',196,3),(1965,'解放区',196,3),(1966,'中站区',196,3),(1967,'马村区',196,3),(1968,'山阳区',196,3),(1969,'修武县',196,3),(1970,'博爱县',196,3),(1971,'武陟县',196,3),(1972,'温　县',196,3),(1973,'济源市',196,3),(1974,'沁阳市',196,3),(1975,'孟州市',196,3),(1976,'市辖区',197,3),(1977,'华龙区',197,3),(1978,'清丰县',197,3),(1979,'南乐县',197,3),(1980,'范　县',197,3),(1981,'台前县',197,3),(1982,'濮阳县',197,3),(1983,'市辖区',198,3),(1984,'魏都区',198,3),(1985,'许昌县',198,3),(1986,'鄢陵县',198,3),(1987,'襄城县',198,3),(1988,'禹州市',198,3),(1989,'长葛市',198,3),(1990,'市辖区',199,3),(1991,'源汇区',199,3),(1992,'郾城区',199,3),(1993,'召陵区',199,3),(1994,'舞阳县',199,3),(1995,'临颍县',199,3),(1996,'市辖区',200,3),(1997,'湖滨区',200,3),(1998,'渑池县',200,3),(1999,'陕　县',200,3),(2000,'卢氏县',200,3),(2001,'义马市',200,3),(2002,'灵宝市',200,3),(2003,'市辖区',201,3),(2004,'宛城区',201,3),(2005,'卧龙区',201,3),(2006,'南召县',201,3),(2007,'方城县',201,3),(2008,'西峡县',201,3),(2009,'镇平县',201,3),(2010,'内乡县',201,3),(2011,'淅川县',201,3),(2012,'社旗县',201,3),(2013,'唐河县',201,3),(2014,'新野县',201,3),(2015,'桐柏县',201,3),(2016,'邓州市',201,3),(2017,'市辖区',202,3),(2018,'梁园区',202,3),(2019,'睢阳区',202,3),(2020,'民权县',202,3),(2021,'睢　县',202,3),(2022,'宁陵县',202,3),(2023,'柘城县',202,3),(2024,'虞城县',202,3),(2025,'夏邑县',202,3),(2026,'永城市',202,3),(2027,'市辖区',203,3),(2028,'师河区',203,3),(2029,'平桥区',203,3),(2030,'罗山县',203,3),(2031,'光山县',203,3),(2032,'新　县',203,3),(2033,'商城县',203,3),(2034,'固始县',203,3),(2035,'潢川县',203,3),(2036,'淮滨县',203,3),(2037,'息　县',203,3),(2038,'市辖区',204,3),(2039,'川汇区',204,3),(2040,'扶沟县',204,3),(2041,'西华县',204,3),(2042,'商水县',204,3),(2043,'沈丘县',204,3),(2044,'郸城县',204,3),(2045,'淮阳县',204,3),(2046,'太康县',204,3),(2047,'鹿邑县',204,3),(2048,'项城市',204,3),(2049,'市辖区',205,3),(2050,'驿城区',205,3),(2051,'西平县',205,3),(2052,'上蔡县',205,3),(2053,'平舆县',205,3),(2054,'正阳县',205,3),(2055,'确山县',205,3),(2056,'泌阳县',205,3),(2057,'汝南县',205,3),(2058,'遂平县',205,3),(2059,'新蔡县',205,3),(2060,'市辖区',206,3),(2061,'江岸区',206,3),(2062,'江汉区',206,3),(2063,'乔口区',206,3),(2064,'汉阳区',206,3),(2065,'武昌区',206,3),(2066,'青山区',206,3),(2067,'洪山区',206,3),(2068,'东西湖区',206,3),(2069,'汉南区',206,3),(2070,'蔡甸区',206,3),(2071,'江夏区',206,3),(2072,'黄陂区',206,3),(2073,'新洲区',206,3),(2074,'市辖区',207,3),(2075,'黄石港区',207,3),(2076,'西塞山区',207,3),(2077,'下陆区',207,3),(2078,'铁山区',207,3),(2079,'阳新县',207,3),(2080,'大冶市',207,3),(2081,'市辖区',208,3),(2082,'茅箭区',208,3),(2083,'张湾区',208,3),(2084,'郧　县',208,3),(2085,'郧西县',208,3),(2086,'竹山县',208,3),(2087,'竹溪县',208,3),(2088,'房　县',208,3),(2089,'丹江口市',208,3),(2090,'市辖区',209,3),(2091,'西陵区',209,3),(2092,'伍家岗区',209,3),(2093,'点军区',209,3),(2094,'猇亭区',209,3),(2095,'夷陵区',209,3),(2096,'远安县',209,3),(2097,'兴山县',209,3),(2098,'秭归县',209,3),(2099,'长阳土家族自治县',209,3),(2100,'五峰土家族自治县',209,3),(2101,'宜都市',209,3),(2102,'当阳市',209,3),(2103,'枝江市',209,3),(2104,'市辖区',210,3),(2105,'襄城区',210,3),(2106,'樊城区',210,3),(2107,'襄阳区',210,3),(2108,'南漳县',210,3),(2109,'谷城县',210,3),(2110,'保康县',210,3),(2111,'老河口市',210,3),(2112,'枣阳市',210,3),(2113,'宜城市',210,3),(2114,'市辖区',211,3),(2115,'梁子湖区',211,3),(2116,'华容区',211,3),(2117,'鄂城区',211,3),(2118,'市辖区',212,3),(2119,'东宝区',212,3),(2120,'掇刀区',212,3),(2121,'京山县',212,3),(2122,'沙洋县',212,3),(2123,'钟祥市',212,3),(2124,'市辖区',213,3),(2125,'孝南区',213,3),(2126,'孝昌县',213,3),(2127,'大悟县',213,3),(2128,'云梦县',213,3),(2129,'应城市',213,3),(2130,'安陆市',213,3),(2131,'汉川市',213,3),(2132,'市辖区',214,3),(2133,'沙市区',214,3),(2134,'荆州区',214,3),(2135,'公安县',214,3),(2136,'监利县',214,3),(2137,'江陵县',214,3),(2138,'石首市',214,3),(2139,'洪湖市',214,3),(2140,'松滋市',214,3),(2141,'市辖区',215,3),(2142,'黄州区',215,3),(2143,'团风县',215,3),(2144,'红安县',215,3),(2145,'罗田县',215,3),(2146,'英山县',215,3),(2147,'浠水县',215,3),(2148,'蕲春县',215,3),(2149,'黄梅县',215,3),(2150,'麻城市',215,3),(2151,'武穴市',215,3),(2152,'市辖区',216,3),(2153,'咸安区',216,3),(2154,'嘉鱼县',216,3),(2155,'通城县',216,3),(2156,'崇阳县',216,3),(2157,'通山县',216,3),(2158,'赤壁市',216,3),(2159,'市辖区',217,3),(2160,'曾都区',217,3),(2161,'广水市',217,3),(2162,'恩施市',218,3),(2163,'利川市',218,3),(2164,'建始县',218,3),(2165,'巴东县',218,3),(2166,'宣恩县',218,3),(2167,'咸丰县',218,3),(2168,'来凤县',218,3),(2169,'鹤峰县',218,3),(2170,'仙桃市',219,3),(2171,'潜江市',219,3),(2172,'天门市',219,3),(2173,'神农架林区',219,3),(2174,'市辖区',220,3),(2175,'芙蓉区',220,3),(2176,'天心区',220,3),(2177,'岳麓区',220,3),(2178,'开福区',220,3),(2179,'雨花区',220,3),(2180,'长沙县',220,3),(2181,'望城县',220,3),(2182,'宁乡县',220,3),(2183,'浏阳市',220,3),(2184,'市辖区',221,3),(2185,'荷塘区',221,3),(2186,'芦淞区',221,3),(2187,'石峰区',221,3),(2188,'天元区',221,3),(2189,'株洲县',221,3),(2190,'攸　县',221,3),(2191,'茶陵县',221,3),(2192,'炎陵县',221,3),(2193,'醴陵市',221,3),(2194,'市辖区',222,3),(2195,'雨湖区',222,3),(2196,'岳塘区',222,3),(2197,'湘潭县',222,3),(2198,'湘乡市',222,3),(2199,'韶山市',222,3),(2200,'市辖区',223,3),(2201,'珠晖区',223,3),(2202,'雁峰区',223,3),(2203,'石鼓区',223,3),(2204,'蒸湘区',223,3),(2205,'南岳区',223,3),(2206,'衡阳县',223,3),(2207,'衡南县',223,3),(2208,'衡山县',223,3),(2209,'衡东县',223,3),(2210,'祁东县',223,3),(2211,'耒阳市',223,3),(2212,'常宁市',223,3),(2213,'市辖区',224,3),(2214,'双清区',224,3),(2215,'大祥区',224,3),(2216,'北塔区',224,3),(2217,'邵东县',224,3),(2218,'新邵县',224,3),(2219,'邵阳县',224,3),(2220,'隆回县',224,3),(2221,'洞口县',224,3),(2222,'绥宁县',224,3),(2223,'新宁县',224,3),(2224,'城步苗族自治县',224,3),(2225,'武冈市',224,3),(2226,'市辖区',225,3),(2227,'岳阳楼区',225,3),(2228,'云溪区',225,3),(2229,'君山区',225,3),(2230,'岳阳县',225,3),(2231,'华容县',225,3),(2232,'湘阴县',225,3),(2233,'平江县',225,3),(2234,'汨罗市',225,3),(2235,'临湘市',225,3),(2236,'市辖区',226,3),(2237,'武陵区',226,3),(2238,'鼎城区',226,3),(2239,'安乡县',226,3),(2240,'汉寿县',226,3),(2241,'澧　县',226,3),(2242,'临澧县',226,3),(2243,'桃源县',226,3),(2244,'石门县',226,3),(2245,'津市市',226,3),(2246,'市辖区',227,3),(2247,'永定区',227,3),(2248,'武陵源区',227,3),(2249,'慈利县',227,3),(2250,'桑植县',227,3),(2251,'市辖区',228,3),(2252,'资阳区',228,3),(2253,'赫山区',228,3),(2254,'南　县',228,3),(2255,'桃江县',228,3),(2256,'安化县',228,3),(2257,'沅江市',228,3),(2258,'市辖区',229,3),(2259,'北湖区',229,3),(2260,'苏仙区',229,3),(2261,'桂阳县',229,3),(2262,'宜章县',229,3),(2263,'永兴县',229,3),(2264,'嘉禾县',229,3),(2265,'临武县',229,3),(2266,'汝城县',229,3),(2267,'桂东县',229,3),(2268,'安仁县',229,3),(2269,'资兴市',229,3),(2270,'市辖区',230,3),(2271,'芝山区',230,3),(2272,'冷水滩区',230,3),(2273,'祁阳县',230,3),(2274,'东安县',230,3),(2275,'双牌县',230,3),(2276,'道　县',230,3),(2277,'江永县',230,3),(2278,'宁远县',230,3),(2279,'蓝山县',230,3),(2280,'新田县',230,3),(2281,'江华瑶族自治县',230,3),(2282,'市辖区',231,3),(2283,'鹤城区',231,3),(2284,'中方县',231,3),(2285,'沅陵县',231,3),(2286,'辰溪县',231,3),(2287,'溆浦县',231,3),(2288,'会同县',231,3),(2289,'麻阳苗族自治县',231,3),(2290,'新晃侗族自治县',231,3),(2291,'芷江侗族自治县',231,3),(2292,'靖州苗族侗族自治县',231,3),(2293,'通道侗族自治县',231,3),(2294,'洪江市',231,3),(2295,'市辖区',232,3),(2296,'娄星区',232,3),(2297,'双峰县',232,3),(2298,'新化县',232,3),(2299,'冷水江市',232,3),(2300,'涟源市',232,3),(2301,'吉首市',233,3),(2302,'泸溪县',233,3),(2303,'凤凰县',233,3),(2304,'花垣县',233,3),(2305,'保靖县',233,3),(2306,'古丈县',233,3),(2307,'永顺县',233,3),(2308,'龙山县',233,3),(2309,'市辖区',234,3),(2310,'东山区',234,3),(2311,'荔湾区',234,3),(2312,'越秀区',234,3),(2313,'海珠区',234,3),(2314,'天河区',234,3),(2315,'芳村区',234,3),(2316,'白云区',234,3),(2317,'黄埔区',234,3),(2318,'番禺区',234,3),(2319,'花都区',234,3),(2320,'增城市',234,3),(2321,'从化市',234,3),(2322,'市辖区',235,3),(2323,'武江区',235,3),(2324,'浈江区',235,3),(2325,'曲江区',235,3),(2326,'始兴县',235,3),(2327,'仁化县',235,3),(2328,'翁源县',235,3),(2329,'乳源瑶族自治县',235,3),(2330,'新丰县',235,3),(2331,'乐昌市',235,3),(2332,'南雄市',235,3),(2333,'市辖区',236,3),(2334,'罗湖区',236,3),(2335,'福田区',236,3),(2336,'南山区',236,3),(2337,'宝安区',236,3),(2338,'龙岗区',236,3),(2339,'盐田区',236,3),(2340,'市辖区',237,3),(2341,'香洲区',237,3),(2342,'斗门区',237,3),(2343,'金湾区',237,3),(2344,'市辖区',238,3),(2345,'龙湖区',238,3),(2346,'金平区',238,3),(2347,'濠江区',238,3),(2348,'潮阳区',238,3),(2349,'潮南区',238,3),(2350,'澄海区',238,3),(2351,'南澳县',238,3),(2352,'市辖区',239,3),(2353,'禅城区',239,3),(2354,'南海区',239,3),(2355,'顺德区',239,3),(2356,'三水区',239,3),(2357,'高明区',239,3),(2358,'市辖区',240,3),(2359,'蓬江区',240,3),(2360,'江海区',240,3),(2361,'新会区',240,3),(2362,'台山市',240,3),(2363,'开平市',240,3),(2364,'鹤山市',240,3),(2365,'恩平市',240,3),(2366,'市辖区',241,3),(2367,'赤坎区',241,3),(2368,'霞山区',241,3),(2369,'坡头区',241,3),(2370,'麻章区',241,3),(2371,'遂溪县',241,3),(2372,'徐闻县',241,3),(2373,'廉江市',241,3),(2374,'雷州市',241,3),(2375,'吴川市',241,3),(2376,'市辖区',242,3),(2377,'茂南区',242,3),(2378,'茂港区',242,3),(2379,'电白县',242,3),(2380,'高州市',242,3),(2381,'化州市',242,3),(2382,'信宜市',242,3),(2383,'市辖区',243,3),(2384,'端州区',243,3),(2385,'鼎湖区',243,3),(2386,'广宁县',243,3),(2387,'怀集县',243,3),(2388,'封开县',243,3),(2389,'德庆县',243,3),(2390,'高要市',243,3),(2391,'四会市',243,3),(2392,'市辖区',244,3),(2393,'惠城区',244,3),(2394,'惠阳区',244,3),(2395,'博罗县',244,3),(2396,'惠东县',244,3),(2397,'龙门县',244,3),(2398,'市辖区',245,3),(2399,'梅江区',245,3),(2400,'梅　县',245,3),(2401,'大埔县',245,3),(2402,'丰顺县',245,3),(2403,'五华县',245,3),(2404,'平远县',245,3),(2405,'蕉岭县',245,3),(2406,'兴宁市',245,3),(2407,'市辖区',246,3),(2408,'城　区',246,3),(2409,'海丰县',246,3),(2410,'陆河县',246,3),(2411,'陆丰市',246,3),(2412,'市辖区',247,3),(2413,'源城区',247,3),(2414,'紫金县',247,3),(2415,'龙川县',247,3),(2416,'连平县',247,3),(2417,'和平县',247,3),(2418,'东源县',247,3),(2419,'市辖区',248,3),(2420,'江城区',248,3),(2421,'阳西县',248,3),(2422,'阳东县',248,3),(2423,'阳春市',248,3),(2424,'市辖区',249,3),(2425,'清城区',249,3),(2426,'佛冈县',249,3),(2427,'阳山县',249,3),(2428,'连山壮族瑶族自治县',249,3),(2429,'连南瑶族自治县',249,3),(2430,'清新县',249,3),(2431,'英德市',249,3),(2432,'连州市',249,3),(2433,'市辖区',252,3),(2434,'湘桥区',252,3),(2435,'潮安县',252,3),(2436,'饶平县',252,3),(2437,'市辖区',253,3),(2438,'榕城区',253,3),(2439,'揭东县',253,3),(2440,'揭西县',253,3),(2441,'惠来县',253,3),(2442,'普宁市',253,3),(2443,'市辖区',254,3),(2444,'云城区',254,3),(2445,'新兴县',254,3),(2446,'郁南县',254,3),(2447,'云安县',254,3),(2448,'罗定市',254,3),(2449,'市辖区',255,3),(2450,'兴宁区',255,3),(2451,'青秀区',255,3),(2452,'江南区',255,3),(2453,'西乡塘区',255,3),(2454,'良庆区',255,3),(2455,'邕宁区',255,3),(2456,'武鸣县',255,3),(2457,'隆安县',255,3),(2458,'马山县',255,3),(2459,'上林县',255,3),(2460,'宾阳县',255,3),(2461,'横　县',255,3),(2462,'市辖区',256,3),(2463,'城中区',256,3),(2464,'鱼峰区',256,3),(2465,'柳南区',256,3),(2466,'柳北区',256,3),(2467,'柳江县',256,3),(2468,'柳城县',256,3),(2469,'鹿寨县',256,3),(2470,'融安县',256,3),(2471,'融水苗族自治县',256,3),(2472,'三江侗族自治县',256,3),(2473,'市辖区',257,3),(2474,'秀峰区',257,3),(2475,'叠彩区',257,3),(2476,'象山区',257,3),(2477,'七星区',257,3),(2478,'雁山区',257,3),(2479,'阳朔县',257,3),(2480,'临桂县',257,3),(2481,'灵川县',257,3),(2482,'全州县',257,3),(2483,'兴安县',257,3),(2484,'永福县',257,3),(2485,'灌阳县',257,3),(2486,'龙胜各族自治县',257,3),(2487,'资源县',257,3),(2488,'平乐县',257,3),(2489,'荔蒲县',257,3),(2490,'恭城瑶族自治县',257,3),(2491,'市辖区',258,3),(2492,'万秀区',258,3),(2493,'蝶山区',258,3),(2494,'长洲区',258,3),(2495,'苍梧县',258,3),(2496,'藤　县',258,3),(2497,'蒙山县',258,3),(2498,'岑溪市',258,3),(2499,'市辖区',259,3),(2500,'海城区',259,3),(2501,'银海区',259,3),(2502,'铁山港区',259,3),(2503,'合浦县',259,3),(2504,'市辖区',260,3),(2505,'港口区',260,3),(2506,'防城区',260,3),(2507,'上思县',260,3),(2508,'东兴市',260,3),(2509,'市辖区',261,3),(2510,'钦南区',261,3),(2511,'钦北区',261,3),(2512,'灵山县',261,3),(2513,'浦北县',261,3),(2514,'市辖区',262,3),(2515,'港北区',262,3),(2516,'港南区',262,3),(2517,'覃塘区',262,3),(2518,'平南县',262,3),(2519,'桂平市',262,3),(2520,'市辖区',263,3),(2521,'玉州区',263,3),(2522,'容　县',263,3),(2523,'陆川县',263,3),(2524,'博白县',263,3),(2525,'兴业县',263,3),(2526,'北流市',263,3),(2527,'市辖区',264,3),(2528,'右江区',264,3),(2529,'田阳县',264,3),(2530,'田东县',264,3),(2531,'平果县',264,3),(2532,'德保县',264,3),(2533,'靖西县',264,3),(2534,'那坡县',264,3),(2535,'凌云县',264,3),(2536,'乐业县',264,3),(2537,'田林县',264,3),(2538,'西林县',264,3),(2539,'隆林各族自治县',264,3),(2540,'市辖区',265,3),(2541,'八步区',265,3),(2542,'昭平县',265,3),(2543,'钟山县',265,3),(2544,'富川瑶族自治县',265,3),(2545,'市辖区',266,3),(2546,'金城江区',266,3),(2547,'南丹县',266,3),(2548,'天峨县',266,3),(2549,'凤山县',266,3),(2550,'东兰县',266,3),(2551,'罗城仫佬族自治县',266,3),(2552,'环江毛南族自治县',266,3),(2553,'巴马瑶族自治县',266,3),(2554,'都安瑶族自治县',266,3),(2555,'大化瑶族自治县',266,3),(2556,'宜州市',266,3),(2557,'市辖区',267,3),(2558,'兴宾区',267,3),(2559,'忻城县',267,3),(2560,'象州县',267,3),(2561,'武宣县',267,3),(2562,'金秀瑶族自治县',267,3),(2563,'合山市',267,3),(2564,'市辖区',268,3),(2565,'江洲区',268,3),(2566,'扶绥县',268,3),(2567,'宁明县',268,3),(2568,'龙州县',268,3),(2569,'大新县',268,3),(2570,'天等县',268,3),(2571,'凭祥市',268,3),(2572,'市辖区',269,3),(2573,'秀英区',269,3),(2574,'龙华区',269,3),(2575,'琼山区',269,3),(2576,'美兰区',269,3),(2577,'市辖区',270,3),(2578,'五指山市',271,3),(2579,'琼海市',271,3),(2580,'儋州市',271,3),(2581,'文昌市',271,3),(2582,'万宁市',271,3),(2583,'东方市',271,3),(2584,'定安县',271,3),(2585,'屯昌县',271,3),(2586,'澄迈县',271,3),(2587,'临高县',271,3),(2588,'白沙黎族自治县',271,3),(2589,'昌江黎族自治县',271,3),(2590,'乐东黎族自治县',271,3),(2591,'陵水黎族自治县',271,3),(2592,'保亭黎族苗族自治县',271,3),(2593,'琼中黎族苗族自治县',271,3),(2594,'西沙群岛',271,3),(2595,'南沙群岛',271,3),(2596,'中沙群岛的岛礁及其海域',271,3),(2597,'万州区',272,3),(2598,'涪陵区',272,3),(2599,'渝中区',272,3),(2600,'大渡口区',272,3),(2601,'江北区',272,3),(2602,'沙坪坝区',272,3),(2603,'九龙坡区',272,3),(2604,'南岸区',272,3),(2605,'北碚区',272,3),(2606,'万盛区',272,3),(2607,'双桥区',272,3),(2608,'渝北区',272,3),(2609,'巴南区',272,3),(2610,'黔江区',272,3),(2611,'长寿区',272,3),(2612,'綦江县',273,3),(2613,'潼南县',273,3),(2614,'铜梁县',273,3),(2615,'大足县',273,3),(2616,'荣昌县',273,3),(2617,'璧山县',273,3),(2618,'梁平县',273,3),(2619,'城口县',273,3),(2620,'丰都县',273,3),(2621,'垫江县',273,3),(2622,'武隆县',273,3),(2623,'忠　县',273,3),(2624,'开　县',273,3),(2625,'云阳县',273,3),(2626,'奉节县',273,3),(2627,'巫山县',273,3),(2628,'巫溪县',273,3),(2629,'石柱土家族自治县',273,3),(2630,'秀山土家族苗族自治县',273,3),(2631,'酉阳土家族苗族自治县',273,3),(2632,'彭水苗族土家族自治县',273,3),(2633,'江津市',274,3),(2634,'合川市',274,3),(2635,'永川市',274,3),(2636,'南川市',274,3),(2637,'市辖区',275,3),(2638,'锦江区',275,3),(2639,'青羊区',275,3),(2640,'金牛区',275,3),(2641,'武侯区',275,3),(2642,'成华区',275,3),(2643,'龙泉驿区',275,3),(2644,'青白江区',275,3),(2645,'新都区',275,3),(2646,'温江区',275,3),(2647,'金堂县',275,3),(2648,'双流县',275,3),(2649,'郫　县',275,3),(2650,'大邑县',275,3),(2651,'蒲江县',275,3),(2652,'新津县',275,3),(2653,'都江堰市',275,3),(2654,'彭州市',275,3),(2655,'邛崃市',275,3),(2656,'崇州市',275,3),(2657,'市辖区',276,3),(2658,'自流井区',276,3),(2659,'贡井区',276,3),(2660,'大安区',276,3),(2661,'沿滩区',276,3),(2662,'荣　县',276,3),(2663,'富顺县',276,3),(2664,'市辖区',277,3),(2665,'东　区',277,3),(2666,'西　区',277,3),(2667,'仁和区',277,3),(2668,'米易县',277,3),(2669,'盐边县',277,3),(2670,'市辖区',278,3),(2671,'江阳区',278,3),(2672,'纳溪区',278,3),(2673,'龙马潭区',278,3),(2674,'泸　县',278,3),(2675,'合江县',278,3),(2676,'叙永县',278,3),(2677,'古蔺县',278,3),(2678,'市辖区',279,3),(2679,'旌阳区',279,3),(2680,'中江县',279,3),(2681,'罗江县',279,3),(2682,'广汉市',279,3),(2683,'什邡市',279,3),(2684,'绵竹市',279,3),(2685,'市辖区',280,3),(2686,'涪城区',280,3),(2687,'游仙区',280,3),(2688,'三台县',280,3),(2689,'盐亭县',280,3),(2690,'安　县',280,3),(2691,'梓潼县',280,3),(2692,'北川羌族自治县',280,3),(2693,'平武县',280,3),(2694,'江油市',280,3),(2695,'市辖区',281,3),(2696,'市中区',281,3),(2697,'元坝区',281,3),(2698,'朝天区',281,3),(2699,'旺苍县',281,3),(2700,'青川县',281,3),(2701,'剑阁县',281,3),(2702,'苍溪县',281,3),(2703,'市辖区',282,3),(2704,'船山区',282,3),(2705,'安居区',282,3),(2706,'蓬溪县',282,3),(2707,'射洪县',282,3),(2708,'大英县',282,3),(2709,'市辖区',283,3),(2710,'市中区',283,3),(2711,'东兴区',283,3),(2712,'威远县',283,3),(2713,'资中县',283,3),(2714,'隆昌县',283,3),(2715,'市辖区',284,3),(2716,'市中区',284,3),(2717,'沙湾区',284,3),(2718,'五通桥区',284,3),(2719,'金口河区',284,3),(2720,'犍为县',284,3),(2721,'井研县',284,3),(2722,'夹江县',284,3),(2723,'沐川县',284,3),(2724,'峨边彝族自治县',284,3),(2725,'马边彝族自治县',284,3),(2726,'峨眉山市',284,3),(2727,'市辖区',285,3),(2728,'顺庆区',285,3),(2729,'高坪区',285,3),(2730,'嘉陵区',285,3),(2731,'南部县',285,3),(2732,'营山县',285,3),(2733,'蓬安县',285,3),(2734,'仪陇县',285,3),(2735,'西充县',285,3),(2736,'阆中市',285,3),(2737,'市辖区',286,3),(2738,'东坡区',286,3),(2739,'仁寿县',286,3),(2740,'彭山县',286,3),(2741,'洪雅县',286,3),(2742,'丹棱县',286,3),(2743,'青神县',286,3),(2744,'市辖区',287,3),(2745,'翠屏区',287,3),(2746,'宜宾县',287,3),(2747,'南溪县',287,3),(2748,'江安县',287,3),(2749,'长宁县',287,3),(2750,'高　县',287,3),(2751,'珙　县',287,3),(2752,'筠连县',287,3),(2753,'兴文县',287,3),(2754,'屏山县',287,3),(2755,'市辖区',288,3),(2756,'广安区',288,3),(2757,'岳池县',288,3),(2758,'武胜县',288,3),(2759,'邻水县',288,3),(2760,'华莹市',288,3),(2761,'市辖区',289,3),(2762,'通川区',289,3),(2763,'达　县',289,3),(2764,'宣汉县',289,3),(2765,'开江县',289,3),(2766,'大竹县',289,3),(2767,'渠　县',289,3),(2768,'万源市',289,3),(2769,'市辖区',290,3),(2770,'雨城区',290,3),(2771,'名山县',290,3),(2772,'荥经县',290,3),(2773,'汉源县',290,3),(2774,'石棉县',290,3),(2775,'天全县',290,3),(2776,'芦山县',290,3),(2777,'宝兴县',290,3),(2778,'市辖区',291,3),(2779,'巴州区',291,3),(2780,'通江县',291,3),(2781,'南江县',291,3),(2782,'平昌县',291,3),(2783,'市辖区',292,3),(2784,'雁江区',292,3),(2785,'安岳县',292,3),(2786,'乐至县',292,3),(2787,'简阳市',292,3),(2788,'汶川县',293,3),(2789,'理　县',293,3),(2790,'茂　县',293,3),(2791,'松潘县',293,3),(2792,'九寨沟县',293,3),(2793,'金川县',293,3),(2794,'小金县',293,3),(2795,'黑水县',293,3),(2796,'马尔康县',293,3),(2797,'壤塘县',293,3),(2798,'阿坝县',293,3),(2799,'若尔盖县',293,3),(2800,'红原县',293,3),(2801,'康定县',294,3),(2802,'泸定县',294,3),(2803,'丹巴县',294,3),(2804,'九龙县',294,3),(2805,'雅江县',294,3),(2806,'道孚县',294,3),(2807,'炉霍县',294,3),(2808,'甘孜县',294,3),(2809,'新龙县',294,3),(2810,'德格县',294,3),(2811,'白玉县',294,3),(2812,'石渠县',294,3),(2813,'色达县',294,3),(2814,'理塘县',294,3),(2815,'巴塘县',294,3),(2816,'乡城县',294,3),(2817,'稻城县',294,3),(2818,'得荣县',294,3),(2819,'西昌市',295,3),(2820,'木里藏族自治县',295,3),(2821,'盐源县',295,3),(2822,'德昌县',295,3),(2823,'会理县',295,3),(2824,'会东县',295,3),(2825,'宁南县',295,3),(2826,'普格县',295,3),(2827,'布拖县',295,3),(2828,'金阳县',295,3),(2829,'昭觉县',295,3),(2830,'喜德县',295,3),(2831,'冕宁县',295,3),(2832,'越西县',295,3),(2833,'甘洛县',295,3),(2834,'美姑县',295,3),(2835,'雷波县',295,3),(2836,'市辖区',296,3),(2837,'南明区',296,3),(2838,'云岩区',296,3),(2839,'花溪区',296,3),(2840,'乌当区',296,3),(2841,'白云区',296,3),(2842,'小河区',296,3),(2843,'开阳县',296,3),(2844,'息烽县',296,3),(2845,'修文县',296,3),(2846,'清镇市',296,3),(2847,'钟山区',297,3),(2848,'六枝特区',297,3),(2849,'水城县',297,3),(2850,'盘　县',297,3),(2851,'市辖区',298,3),(2852,'红花岗区',298,3),(2853,'汇川区',298,3),(2854,'遵义县',298,3),(2855,'桐梓县',298,3),(2856,'绥阳县',298,3),(2857,'正安县',298,3),(2858,'道真仡佬族苗族自治县',298,3),(2859,'务川仡佬族苗族自治县',298,3),(2860,'凤冈县',298,3),(2861,'湄潭县',298,3),(2862,'余庆县',298,3),(2863,'习水县',298,3),(2864,'赤水市',298,3),(2865,'仁怀市',298,3),(2866,'市辖区',299,3),(2867,'西秀区',299,3),(2868,'平坝县',299,3),(2869,'普定县',299,3),(2870,'镇宁布依族苗族自治县',299,3),(2871,'关岭布依族苗族自治县',299,3),(2872,'紫云苗族布依族自治县',299,3),(2873,'铜仁市',300,3),(2874,'江口县',300,3),(2875,'玉屏侗族自治县',300,3),(2876,'石阡县',300,3),(2877,'思南县',300,3),(2878,'印江土家族苗族自治县',300,3),(2879,'德江县',300,3),(2880,'沿河土家族自治县',300,3),(2881,'松桃苗族自治县',300,3),(2882,'万山特区',300,3),(2883,'兴义市',301,3),(2884,'兴仁县',301,3),(2885,'普安县',301,3),(2886,'晴隆县',301,3),(2887,'贞丰县',301,3),(2888,'望谟县',301,3),(2889,'册亨县',301,3),(2890,'安龙县',301,3),(2891,'毕节市',302,3),(2892,'大方县',302,3),(2893,'黔西县',302,3),(2894,'金沙县',302,3),(2895,'织金县',302,3),(2896,'纳雍县',302,3),(2897,'威宁彝族回族苗族自治县',302,3),(2898,'赫章县',302,3),(2899,'凯里市',303,3),(2900,'黄平县',303,3),(2901,'施秉县',303,3),(2902,'三穗县',303,3),(2903,'镇远县',303,3),(2904,'岑巩县',303,3),(2905,'天柱县',303,3),(2906,'锦屏县',303,3),(2907,'剑河县',303,3),(2908,'台江县',303,3),(2909,'黎平县',303,3),(2910,'榕江县',303,3),(2911,'从江县',303,3),(2912,'雷山县',303,3),(2913,'麻江县',303,3),(2914,'丹寨县',303,3),(2915,'都匀市',304,3),(2916,'福泉市',304,3),(2917,'荔波县',304,3),(2918,'贵定县',304,3),(2919,'瓮安县',304,3),(2920,'独山县',304,3),(2921,'平塘县',304,3),(2922,'罗甸县',304,3),(2923,'长顺县',304,3),(2924,'龙里县',304,3),(2925,'惠水县',304,3),(2926,'三都水族自治县',304,3),(2927,'市辖区',305,3),(2928,'五华区',305,3),(2929,'盘龙区',305,3),(2930,'官渡区',305,3),(2931,'西山区',305,3),(2932,'东川区',305,3),(2933,'呈贡县',305,3),(2934,'晋宁县',305,3),(2935,'富民县',305,3),(2936,'宜良县',305,3),(2937,'石林彝族自治县',305,3),(2938,'嵩明县',305,3),(2939,'禄劝彝族苗族自治县',305,3),(2940,'寻甸回族彝族自治县',305,3),(2941,'安宁市',305,3),(2942,'市辖区',306,3),(2943,'麒麟区',306,3),(2944,'马龙县',306,3),(2945,'陆良县',306,3),(2946,'师宗县',306,3),(2947,'罗平县',306,3),(2948,'富源县',306,3),(2949,'会泽县',306,3),(2950,'沾益县',306,3),(2951,'宣威市',306,3),(2952,'市辖区',307,3),(2953,'红塔区',307,3),(2954,'江川县',307,3),(2955,'澄江县',307,3),(2956,'通海县',307,3),(2957,'华宁县',307,3),(2958,'易门县',307,3),(2959,'峨山彝族自治县',307,3),(2960,'新平彝族傣族自治县',307,3),(2961,'元江哈尼族彝族傣族自治县',307,3),(2962,'市辖区',308,3),(2963,'隆阳区',308,3),(2964,'施甸县',308,3),(2965,'腾冲县',308,3),(2966,'龙陵县',308,3),(2967,'昌宁县',308,3),(2968,'市辖区',309,3),(2969,'昭阳区',309,3),(2970,'鲁甸县',309,3),(2971,'巧家县',309,3),(2972,'盐津县',309,3),(2973,'大关县',309,3),(2974,'永善县',309,3),(2975,'绥江县',309,3),(2976,'镇雄县',309,3),(2977,'彝良县',309,3),(2978,'威信县',309,3),(2979,'水富县',309,3),(2980,'市辖区',310,3),(2981,'古城区',310,3),(2982,'玉龙纳西族自治县',310,3),(2983,'永胜县',310,3),(2984,'华坪县',310,3),(2985,'宁蒗彝族自治县',310,3),(2986,'市辖区',311,3),(2987,'翠云区',311,3),(2988,'普洱哈尼族彝族自治县',311,3),(2989,'墨江哈尼族自治县',311,3),(2990,'景东彝族自治县',311,3),(2991,'景谷傣族彝族自治县',311,3),(2992,'镇沅彝族哈尼族拉祜族自治县',311,3),(2993,'江城哈尼族彝族自治县',311,3),(2994,'孟连傣族拉祜族佤族自治县',311,3),(2995,'澜沧拉祜族自治县',311,3),(2996,'西盟佤族自治县',311,3),(2997,'市辖区',312,3),(2998,'临翔区',312,3),(2999,'凤庆县',312,3),(3000,'云　县',312,3),(3001,'永德县',312,3),(3002,'镇康县',312,3),(3003,'双江拉祜族佤族布朗族傣族自治县',312,3),(3004,'耿马傣族佤族自治县',312,3),(3005,'沧源佤族自治县',312,3),(3006,'楚雄市',313,3),(3007,'双柏县',313,3),(3008,'牟定县',313,3),(3009,'南华县',313,3),(3010,'姚安县',313,3),(3011,'大姚县',313,3),(3012,'永仁县',313,3),(3013,'元谋县',313,3),(3014,'武定县',313,3),(3015,'禄丰县',313,3),(3016,'个旧市',314,3),(3017,'开远市',314,3),(3018,'蒙自县',314,3),(3019,'屏边苗族自治县',314,3),(3020,'建水县',314,3),(3021,'石屏县',314,3),(3022,'弥勒县',314,3),(3023,'泸西县',314,3),(3024,'元阳县',314,3),(3025,'红河县',314,3),(3026,'金平苗族瑶族傣族自治县',314,3),(3027,'绿春县',314,3),(3028,'河口瑶族自治县',314,3),(3029,'文山县',315,3),(3030,'砚山县',315,3),(3031,'西畴县',315,3),(3032,'麻栗坡县',315,3),(3033,'马关县',315,3),(3034,'丘北县',315,3),(3035,'广南县',315,3),(3036,'富宁县',315,3),(3037,'景洪市',316,3),(3038,'勐海县',316,3),(3039,'勐腊县',316,3),(3040,'大理市',317,3),(3041,'漾濞彝族自治县',317,3),(3042,'祥云县',317,3),(3043,'宾川县',317,3),(3044,'弥渡县',317,3),(3045,'南涧彝族自治县',317,3),(3046,'巍山彝族回族自治县',317,3),(3047,'永平县',317,3),(3048,'云龙县',317,3),(3049,'洱源县',317,3),(3050,'剑川县',317,3),(3051,'鹤庆县',317,3),(3052,'瑞丽市',318,3),(3053,'潞西市',318,3),(3054,'梁河县',318,3),(3055,'盈江县',318,3),(3056,'陇川县',318,3),(3057,'泸水县',319,3),(3058,'福贡县',319,3),(3059,'贡山独龙族怒族自治县',319,3),(3060,'兰坪白族普米族自治县',319,3),(3061,'香格里拉县',320,3),(3062,'德钦县',320,3),(3063,'维西傈僳族自治县',320,3),(3064,'市辖区',321,3),(3065,'城关区',321,3),(3066,'林周县',321,3),(3067,'当雄县',321,3),(3068,'尼木县',321,3),(3069,'曲水县',321,3),(3070,'堆龙德庆县',321,3),(3071,'达孜县',321,3),(3072,'墨竹工卡县',321,3),(3073,'昌都县',322,3),(3074,'江达县',322,3),(3075,'贡觉县',322,3),(3076,'类乌齐县',322,3),(3077,'丁青县',322,3),(3078,'察雅县',322,3),(3079,'八宿县',322,3),(3080,'左贡县',322,3),(3081,'芒康县',322,3),(3082,'洛隆县',322,3),(3083,'边坝县',322,3),(3084,'乃东县',323,3),(3085,'扎囊县',323,3),(3086,'贡嘎县',323,3),(3087,'桑日县',323,3),(3088,'琼结县',323,3),(3089,'曲松县',323,3),(3090,'措美县',323,3),(3091,'洛扎县',323,3),(3092,'加查县',323,3),(3093,'隆子县',323,3),(3094,'错那县',323,3),(3095,'浪卡子县',323,3),(3096,'日喀则市',324,3),(3097,'南木林县',324,3),(3098,'江孜县',324,3),(3099,'定日县',324,3),(3100,'萨迦县',324,3),(3101,'拉孜县',324,3),(3102,'昂仁县',324,3),(3103,'谢通门县',324,3),(3104,'白朗县',324,3),(3105,'仁布县',324,3),(3106,'康马县',324,3),(3107,'定结县',324,3),(3108,'仲巴县',324,3),(3109,'亚东县',324,3),(3110,'吉隆县',324,3),(3111,'聂拉木县',324,3),(3112,'萨嘎县',324,3),(3113,'岗巴县',324,3),(3114,'那曲县',325,3),(3115,'嘉黎县',325,3),(3116,'比如县',325,3),(3117,'聂荣县',325,3),(3118,'安多县',325,3),(3119,'申扎县',325,3),(3120,'索　县',325,3),(3121,'班戈县',325,3),(3122,'巴青县',325,3),(3123,'尼玛县',325,3),(3124,'普兰县',326,3),(3125,'札达县',326,3),(3126,'噶尔县',326,3),(3127,'日土县',326,3),(3128,'革吉县',326,3),(3129,'改则县',326,3),(3130,'措勤县',326,3),(3131,'林芝县',327,3),(3132,'工布江达县',327,3),(3133,'米林县',327,3),(3134,'墨脱县',327,3),(3135,'波密县',327,3),(3136,'察隅县',327,3),(3137,'朗　县',327,3),(3138,'市辖区',328,3),(3139,'新城区',328,3),(3140,'碑林区',328,3),(3141,'莲湖区',328,3),(3142,'灞桥区',328,3),(3143,'未央区',328,3),(3144,'雁塔区',328,3),(3145,'阎良区',328,3),(3146,'临潼区',328,3),(3147,'长安区',328,3),(3148,'蓝田县',328,3),(3149,'周至县',328,3),(3150,'户　县',328,3),(3151,'高陵县',328,3),(3152,'市辖区',329,3),(3153,'王益区',329,3),(3154,'印台区',329,3),(3155,'耀州区',329,3),(3156,'宜君县',329,3),(3157,'市辖区',330,3),(3158,'渭滨区',330,3),(3159,'金台区',330,3),(3160,'陈仓区',330,3),(3161,'凤翔县',330,3),(3162,'岐山县',330,3),(3163,'扶风县',330,3),(3164,'眉　县',330,3),(3165,'陇　县',330,3),(3166,'千阳县',330,3),(3167,'麟游县',330,3),(3168,'凤　县',330,3),(3169,'太白县',330,3),(3170,'市辖区',331,3),(3171,'秦都区',331,3),(3172,'杨凌区',331,3),(3173,'渭城区',331,3),(3174,'三原县',331,3),(3175,'泾阳县',331,3),(3176,'乾　县',331,3),(3177,'礼泉县',331,3),(3178,'永寿县',331,3),(3179,'彬　县',331,3),(3180,'长武县',331,3),(3181,'旬邑县',331,3),(3182,'淳化县',331,3),(3183,'武功县',331,3),(3184,'兴平市',331,3),(3185,'市辖区',332,3),(3186,'临渭区',332,3),(3187,'华　县',332,3),(3188,'潼关县',332,3),(3189,'大荔县',332,3),(3190,'合阳县',332,3),(3191,'澄城县',332,3),(3192,'蒲城县',332,3),(3193,'白水县',332,3),(3194,'富平县',332,3),(3195,'韩城市',332,3),(3196,'华阴市',332,3),(3197,'市辖区',333,3),(3198,'宝塔区',333,3),(3199,'延长县',333,3),(3200,'延川县',333,3),(3201,'子长县',333,3),(3202,'安塞县',333,3),(3203,'志丹县',333,3),(3204,'吴旗县',333,3),(3205,'甘泉县',333,3),(3206,'富　县',333,3),(3207,'洛川县',333,3),(3208,'宜川县',333,3),(3209,'黄龙县',333,3),(3210,'黄陵县',333,3),(3211,'市辖区',334,3),(3212,'汉台区',334,3),(3213,'南郑县',334,3),(3214,'城固县',334,3),(3215,'洋　县',334,3),(3216,'西乡县',334,3),(3217,'勉　县',334,3),(3218,'宁强县',334,3),(3219,'略阳县',334,3),(3220,'镇巴县',334,3),(3221,'留坝县',334,3),(3222,'佛坪县',334,3),(3223,'市辖区',335,3),(3224,'榆阳区',335,3),(3225,'神木县',335,3),(3226,'府谷县',335,3),(3227,'横山县',335,3),(3228,'靖边县',335,3),(3229,'定边县',335,3),(3230,'绥德县',335,3),(3231,'米脂县',335,3),(3232,'佳　县',335,3),(3233,'吴堡县',335,3),(3234,'清涧县',335,3),(3235,'子洲县',335,3),(3236,'市辖区',336,3),(3237,'汉滨区',336,3),(3238,'汉阴县',336,3),(3239,'石泉县',336,3),(3240,'宁陕县',336,3),(3241,'紫阳县',336,3),(3242,'岚皋县',336,3),(3243,'平利县',336,3),(3244,'镇坪县',336,3),(3245,'旬阳县',336,3),(3246,'白河县',336,3),(3247,'市辖区',337,3),(3248,'商州区',337,3),(3249,'洛南县',337,3),(3250,'丹凤县',337,3),(3251,'商南县',337,3),(3252,'山阳县',337,3),(3253,'镇安县',337,3),(3254,'柞水县',337,3),(3255,'市辖区',338,3),(3256,'城关区',338,3),(3257,'七里河区',338,3),(3258,'西固区',338,3),(3259,'安宁区',338,3),(3260,'红古区',338,3),(3261,'永登县',338,3),(3262,'皋兰县',338,3),(3263,'榆中县',338,3),(3264,'市辖区',339,3),(3265,'市辖区',340,3),(3266,'金川区',340,3),(3267,'永昌县',340,3),(3268,'市辖区',341,3),(3269,'白银区',341,3),(3270,'平川区',341,3),(3271,'靖远县',341,3),(3272,'会宁县',341,3),(3273,'景泰县',341,3),(3274,'市辖区',342,3),(3275,'秦城区',342,3),(3276,'北道区',342,3),(3277,'清水县',342,3),(3278,'秦安县',342,3),(3279,'甘谷县',342,3),(3280,'武山县',342,3),(3281,'张家川回族自治县',342,3),(3282,'市辖区',343,3),(3283,'凉州区',343,3),(3284,'民勤县',343,3),(3285,'古浪县',343,3),(3286,'天祝藏族自治县',343,3),(3287,'市辖区',344,3),(3288,'甘州区',344,3),(3289,'肃南裕固族自治县',344,3),(3290,'民乐县',344,3),(3291,'临泽县',344,3),(3292,'高台县',344,3),(3293,'山丹县',344,3),(3294,'市辖区',345,3),(3295,'崆峒区',345,3),(3296,'泾川县',345,3),(3297,'灵台县',345,3),(3298,'崇信县',345,3),(3299,'华亭县',345,3),(3300,'庄浪县',345,3),(3301,'静宁县',345,3),(3302,'市辖区',346,3),(3303,'肃州区',346,3),(3304,'金塔县',346,3),(3305,'安西县',346,3),(3306,'肃北蒙古族自治县',346,3),(3307,'阿克塞哈萨克族自治县',346,3),(3308,'玉门市',346,3),(3309,'敦煌市',346,3),(3310,'市辖区',347,3),(3311,'西峰区',347,3),(3312,'庆城县',347,3),(3313,'环　县',347,3),(3314,'华池县',347,3),(3315,'合水县',347,3),(3316,'正宁县',347,3),(3317,'宁　县',347,3),(3318,'镇原县',347,3),(3319,'市辖区',348,3),(3320,'安定区',348,3),(3321,'通渭县',348,3),(3322,'陇西县',348,3),(3323,'渭源县',348,3),(3324,'临洮县',348,3),(3325,'漳　县',348,3),(3326,'岷　县',348,3),(3327,'市辖区',349,3),(3328,'武都区',349,3),(3329,'成　县',349,3),(3330,'文　县',349,3),(3331,'宕昌县',349,3),(3332,'康　县',349,3),(3333,'西和县',349,3),(3334,'礼　县',349,3),(3335,'徽　县',349,3),(3336,'两当县',349,3),(3337,'临夏市',350,3),(3338,'临夏县',350,3),(3339,'康乐县',350,3),(3340,'永靖县',350,3),(3341,'广河县',350,3),(3342,'和政县',350,3),(3343,'东乡族自治县',350,3),(3344,'积石山保安族东乡族撒拉族自治县',350,3),(3345,'合作市',351,3),(3346,'临潭县',351,3),(3347,'卓尼县',351,3),(3348,'舟曲县',351,3),(3349,'迭部县',351,3),(3350,'玛曲县',351,3),(3351,'碌曲县',351,3),(3352,'夏河县',351,3),(3353,'市辖区',352,3),(3354,'城东区',352,3),(3355,'城中区',352,3),(3356,'城西区',352,3),(3357,'城北区',352,3),(3358,'大通回族土族自治县',352,3),(3359,'湟中县',352,3),(3360,'湟源县',352,3),(3361,'平安县',353,3),(3362,'民和回族土族自治县',353,3),(3363,'乐都县',353,3),(3364,'互助土族自治县',353,3),(3365,'化隆回族自治县',353,3),(3366,'循化撒拉族自治县',353,3),(3367,'门源回族自治县',354,3),(3368,'祁连县',354,3),(3369,'海晏县',354,3),(3370,'刚察县',354,3),(3371,'同仁县',355,3),(3372,'尖扎县',355,3),(3373,'泽库县',355,3),(3374,'河南蒙古族自治县',355,3),(3375,'共和县',356,3),(3376,'同德县',356,3),(3377,'贵德县',356,3),(3378,'兴海县',356,3),(3379,'贵南县',356,3),(3380,'玛沁县',357,3),(3381,'班玛县',357,3),(3382,'甘德县',357,3),(3383,'达日县',357,3),(3384,'久治县',357,3),(3385,'玛多县',357,3),(3386,'玉树县',358,3),(3387,'杂多县',358,3),(3388,'称多县',358,3),(3389,'治多县',358,3),(3390,'囊谦县',358,3),(3391,'曲麻莱县',358,3),(3392,'格尔木市',359,3),(3393,'德令哈市',359,3),(3394,'乌兰县',359,3),(3395,'都兰县',359,3),(3396,'天峻县',359,3),(3397,'市辖区',360,3),(3398,'兴庆区',360,3),(3399,'西夏区',360,3),(3400,'金凤区',360,3),(3401,'永宁县',360,3),(3402,'贺兰县',360,3),(3403,'灵武市',360,3),(3404,'市辖区',361,3),(3405,'大武口区',361,3),(3406,'惠农区',361,3),(3407,'平罗县',361,3),(3408,'市辖区',362,3),(3409,'利通区',362,3),(3410,'盐池县',362,3),(3411,'同心县',362,3),(3412,'青铜峡市',362,3),(3413,'市辖区',363,3),(3414,'原州区',363,3),(3415,'西吉县',363,3),(3416,'隆德县',363,3),(3417,'泾源县',363,3),(3418,'彭阳县',363,3),(3419,'市辖区',364,3),(3420,'沙坡头区',364,3),(3421,'中宁县',364,3),(3422,'海原县',364,3),(3423,'市辖区',365,3),(3424,'天山区',365,3),(3425,'沙依巴克区',365,3),(3426,'新市区',365,3),(3427,'水磨沟区',365,3),(3428,'头屯河区',365,3),(3429,'达坂城区',365,3),(3430,'东山区',365,3),(3431,'乌鲁木齐县',365,3),(3432,'市辖区',366,3),(3433,'独山子区',366,3),(3434,'克拉玛依区',366,3),(3435,'白碱滩区',366,3),(3436,'乌尔禾区',366,3),(3437,'吐鲁番市',367,3),(3438,'鄯善县',367,3),(3439,'托克逊县',367,3),(3440,'哈密市',368,3),(3441,'巴里坤哈萨克自治县',368,3),(3442,'伊吾县',368,3),(3443,'昌吉市',369,3),(3444,'阜康市',369,3),(3445,'米泉市',369,3),(3446,'呼图壁县',369,3),(3447,'玛纳斯县',369,3),(3448,'奇台县',369,3),(3449,'吉木萨尔县',369,3),(3450,'木垒哈萨克自治县',369,3),(3451,'博乐市',370,3),(3452,'精河县',370,3),(3453,'温泉县',370,3),(3454,'库尔勒市',371,3),(3455,'轮台县',371,3),(3456,'尉犁县',371,3),(3457,'若羌县',371,3),(3458,'且末县',371,3),(3459,'焉耆回族自治县',371,3),(3460,'和静县',371,3),(3461,'和硕县',371,3),(3462,'博湖县',371,3),(3463,'阿克苏市',372,3),(3464,'温宿县',372,3),(3465,'库车县',372,3),(3466,'沙雅县',372,3),(3467,'新和县',372,3),(3468,'拜城县',372,3),(3469,'乌什县',372,3),(3470,'阿瓦提县',372,3),(3471,'柯坪县',372,3),(3472,'阿图什市',373,3),(3473,'阿克陶县',373,3),(3474,'阿合奇县',373,3),(3475,'乌恰县',373,3),(3476,'喀什市',374,3),(3477,'疏附县',374,3),(3478,'疏勒县',374,3),(3479,'英吉沙县',374,3),(3480,'泽普县',374,3),(3481,'莎车县',374,3),(3482,'叶城县',374,3),(3483,'麦盖提县',374,3),(3484,'岳普湖县',374,3),(3485,'伽师县',374,3),(3486,'巴楚县',374,3),(3487,'塔什库尔干塔吉克自治县',374,3),(3488,'和田市',375,3),(3489,'和田县',375,3),(3490,'墨玉县',375,3),(3491,'皮山县',375,3),(3492,'洛浦县',375,3),(3493,'策勒县',375,3),(3494,'于田县',375,3),(3495,'民丰县',375,3),(3496,'伊宁市',376,3),(3497,'奎屯市',376,3),(3498,'伊宁县',376,3),(3499,'察布查尔锡伯自治县',376,3),(3500,'霍城县',376,3),(3501,'巩留县',376,3),(3502,'新源县',376,3),(3503,'昭苏县',376,3),(3504,'特克斯县',376,3),(3505,'尼勒克县',376,3),(3506,'塔城市',377,3),(3507,'乌苏市',377,3),(3508,'额敏县',377,3),(3509,'沙湾县',377,3),(3510,'托里县',377,3),(3511,'裕民县',377,3),(3512,'和布克赛尔蒙古自治县',377,3),(3513,'阿勒泰市',378,3),(3514,'布尔津县',378,3),(3515,'富蕴县',378,3),(3516,'福海县',378,3),(3517,'哈巴河县',378,3),(3518,'青河县',378,3),(3519,'吉木乃县',378,3),(3520,'石河子市',379,3),(3521,'阿拉尔市',379,3),(3522,'图木舒克市',379,3),(3523,'五家渠市',379,3);

/*Table structure for table `sys_tv_goods` */

DROP TABLE IF EXISTS `sys_tv_goods`;

CREATE TABLE `sys_tv_goods` (
  `id` int(11) NOT NULL AUTO_INCREMENT,
  `name` varchar(11) DEFAULT '0' COMMENT '名称',
  `mins` int(11) DEFAULT '0' COMMENT '分钟数',
  `price` decimal(10,2) DEFAULT '0.00' COMMENT '价格',
  `salenum` int(11) unsigned NOT NULL DEFAULT '0' COMMENT '已销售数目',
  PRIMARY KEY (`id`)
) ENGINE=MyISAM AUTO_INCREMENT=3 DEFAULT CHARSET=utf8 ROW_FORMAT=DYNAMIC COMMENT='系统霸屏时间价格表';

/*Data for the table `sys_tv_goods` */

insert  into `sys_tv_goods`(`id`,`name`,`mins`,`price`,`salenum`) values (1,'5分钟',5,'50.00',0),(2,'10分钟',10,'100.00',0);

/*!40101 SET SQL_MODE=@OLD_SQL_MODE */;
/*!40014 SET FOREIGN_KEY_CHECKS=@OLD_FOREIGN_KEY_CHECKS */;
/*!40014 SET UNIQUE_CHECKS=@OLD_UNIQUE_CHECKS */;
/*!40111 SET SQL_NOTES=@OLD_SQL_NOTES */;
